sec,bpm
1,74
11,74
26,74
41,74
56,74
71,74
81,74
96,74
111,74
116,74
121,74
136,73
141,72
146,74
161,74
166,75
181,76
186,77
201,77
216,77
226,76
241,76
246,75
261,75
271,74
286,74
291,75
301,74
316,74
326,71
341,71
346,72
361,72
366,76
372,76
377,76
382,75
397,75
412,76
427,76
437,76
447,77
452,76
467,76
477,75
492,74
507,74
522,74
527,73
532,73
542,72
557,74
562,75
572,76
582,77
597,77
607,76
617,74
627,73
632,73
642,72
647,72
662,72
677,72
687,74
692,76
697,77
702,78
717,78
722,77
727,77
742,77
752,78
762,77
772,77
782,76
797,76
812,76
827,76
832,78
837,76
842,73
847,73
852,72
862,73
867,74
872,74
877,74
882,74
887,75
902,75
917,75
922,76
932,75
937,74
942,73
947,74
952,73
957,74
962,73
972,74
977,75
982,74
987,74
992,73
997,72
1002,73
1012,73
1022,74
1027,73
1032,74
1037,74
1042,74
1047,74
1052,74
1062,75
1067,77
1082,76
1087,75
1102,75
1107,75
1122,75
1127,74
1137,76
1142,75
1152,74
1157,73
1172,73
1187,73
1202,73
1207,72
1222,72
1237,72
1242,73
1247,74
1252,75
1262,76
1267,75
1272,76
1282,77
1287,74
1293,73
1308,73
1313,73
1318,73
1333,73
1348,73
1353,73
1376,73
1381,73
1406,73
1416,76
1421,82
1426,90
1441,90
1446,90
1456,90
1471,90
1476,95
1491,95
1506,95
1511,94
1516,93
1526,93
1541,93
1556,93
1571,94
1576,94
1591,94
1606,95
1611,94
1616,95
1621,94
1631,95
1641,94
1646,92
1651,90
1656,89
1666,88
1681,90
1696,91
1701,94
1711,92
1716,89
1721,88
1736,88
1741,86
1746,85
1756,84
1761,85
1776,84
1786,85
1791,86
1796,85
1806,86
1816,85
1831,85
1846,85
1851,88
1856,89
1871,89
1886,89
1901,91
1906,98
1911,105
1916,109
1921,109
1936,109
1941,109
1946,107
1951,105
1956,106
1966,109
1971,108
1976,107
1981,106
1986,106
2001,106
2011,104
2016,102
2021,101
2031,102
2046,102
2051,104
2056,105
2061,106
2066,107
2076,104
2086,105
2094,105
2099,103
2104,100
2109,98
2114,98
2129,99
2134,100
2139,97
2144,92
2159,92
2174,90
2189,90
2204,90
2219,89
2234,89
2239,90
2244,91
2249,93
2254,94
2264,100
2269,104
2279,103
2289,104
2304,105
2309,104
2319,103
2328,103
2333,106
2338,107
2343,108
2358,109
2368,108
2383,108
2398,108
2403,109
2408,108
2413,107
2423,108
2428,110
2433,111
2438,112
2443,114
2448,113
2458,111
2463,112
2468,113
2473,113
2483,114
2488,115
2493,112
2508,112
2513,113
2523,114
2528,113
2533,110
2538,108
2543,107
2548,105
2553,104
2558,103
2563,104
2568,105
2573,106
2578,103
2593,103
2598,101
2608,99
2613,98
2618,97
2623,96
2633,97
2638,98
2648,99
2653,100
2663,101
2673,103
2678,101
2683,100
2688,99
2693,98
2698,97
2703,98
2708,99
2713,101
2718,102
2728,103
2738,101
2743,97
2748,91
2753,90
2758,91
2763,93
2773,94
2778,96
2783,96
2788,92
2793,91
2798,95
2803,99
2808,100
2813,97
2818,96
2828,94
2833,93
2843,91
2848,89
2853,86
2859,86
2869,87
2874,94
2879,95
2894,94
2899,96
2904,99
2909,101
2924,101
2939,105
2944,110
2954,111
2964,110
2979,109
2984,106
2989,105
2999,104
3009,102
3014,101
3024,100
3029,101
3044,101
3059,101
3064,98
3069,97
3084,97
3094,96
3099,94
3109,93
3119,94
3134,93
3139,93
3144,93
3154,94
3159,96
3174,96
3189,94
3194,95
3209,95
3214,97
3224,97
3239,97
3244,96
3254,95
3269,95
3284,95
3289,96
3304,96
3319,98
3324,99
3339,100
3344,99
3354,98
3359,99
3365,99
3380,99
3395,100
3410,100
3425,101
3435,101
3440,100
3455,100
3460,102
3465,101
3470,100
3485,99
3490,97
3500,97
3515,97
3520,97
3525,98
3530,99
3535,99
3550,100
3560,102
3570,103
3585,104
3590,105
3595,106
3600,107
3605,104
3610,103
3625,107
3630,109
3635,112
3640,111
3645,108
3650,106
3655,105
3660,104
3665,101
3670,96
3675,94
3680,95
3690,99
3695,105
3700,107
3710,108
3715,110
3720,109
3735,109
3745,107
3750,103
3755,100
3770,99
3785,99
3800,99
3805,97
3810,97
3825,97
3830,96
3835,95
3850,95
3855,96
3860,99
3865,101
3870,100
3875,101
3885,102
3890,103
3905,102
3920,102
3935,102
3940,103
3945,103
3955,103
3970,104
3975,105
3985,104
3990,102
3995,100
4010,98
4020,97
4025,96
4035,98
4040,97
4045,90
4050,91
4055,92
4065,98
4070,105
4085,108
4095,110
4105,109
4110,105
4115,106
4120,103
4125,100
4135,98
4140,97
4145,98
4160,98
4165,97
4180,97
4185,96
4190,97
4195,102
4200,104
4205,101
4210,100
4215,101
4220,98
4225,96
4230,97
4235,100
4240,100
4245,96
4255,94
4260,91
4265,89
4270,92
4275,95
4280,100
4285,103
4290,104
4295,105
4300,105
4305,104
4310,105
4315,102
4325,101
4330,105
4335,106
4340,103
4350,101
4355,100
4365,103
4370,105
4375,103
4380,98
4385,100
4390,105
4395,114
4400,117
4405,120
4410,125
4420,123
4425,120
4430,118
4435,120
4440,122
4445,124
4450,127
4460,128
4465,129
4470,131
4480,129
4485,123
4490,122
4505,121
4510,118
4525,118
4530,117
4535,116
4540,114
4545,111
4550,109
4555,107
4560,105
4565,106
4570,106
4575,107
4580,107
4585,108
4590,109
4595,110
4600,111
4605,114
4610,116
4615,114
4630,114
4645,114
4650,114
4655,113
4670,112
4675,108
4685,110
4695,110
4700,110
4715,110
4725,109
4730,108
4736,106
4751,106
4756,106
4771,108
4776,107
4791,107
4796,106
4801,105
4816,105
4826,104
4831,101
4836,100
4841,99
4846,98
4851,99
4856,97
4861,100
4866,101
4871,101
4881,100
4891,103
4896,102
4901,100
4916,100
4926,102
4931,106
4936,107
4941,107
4946,106
4951,107
4966,107
4981,107
4986,104
4991,102
5001,101
5006,102
5021,102
5026,103
5031,104
5046,104
5061,103
5076,103
5086,102
5091,100
5096,100
5111,100
5121,101
5131,106
5136,108
5141,110
5146,114
5156,112
5161,111
5166,112
5171,112
5186,112
5191,113
5196,114
5206,114
5211,112
5216,108
5231,108
5236,106
5241,105
5246,100
5251,99
5256,95
5261,93
5276,93
5291,93
5296,93
5306,91
5316,90
5331,90
5346,90
5351,92
5356,94
5361,97
5366,100
5371,101
5376,102
5382,102
5397,103
5402,103
5407,102
5422,104
5427,105
5442,106
5457,106
5472,106
5482,107
5487,108
5492,108
5507,109
5512,110
5527,110
5542,110
5557,111
5562,110
5577,111
5582,113
5587,113
5592,111
5597,110
5607,108
5622,107
5627,105
5632,105
5642,106
5647,109
5652,115
5662,116
5672,117
5677,116
5682,114
5687,113
5702,113
5717,113
5727,112
5732,114
5737,118
5752,118
5767,119
5772,122
5777,123
5792,124
5797,122
5802,119
5807,114
5822,115
5832,114
5837,115
5842,117
5857,116
5862,118
5867,116
5872,117
5877,119
5892,118
5897,116
5912,116
5927,116
5932,114
5947,113
5957,113
5962,111
5977,106
5982,101
5987,98
5992,96
5997,98
6002,102
6007,100
6012,98
6017,96
6022,95
6027,96
6042,96
6047,94
6062,93
6067,93
6072,93
6087,93
6102,93
6117,93
6122,91
6127,92
6132,90
6137,92
6142,92
6147,91
6152,90
6157,89
6162,88
6167,92
6172,98
6177,100
6182,102
6192,103
6197,107
6202,108
6217,108
6232,108
6242,111
6247,111
6262,111
6267,113
6282,114
6287,114
6292,116
6297,119
6302,120
6307,116
6312,115
6317,114
6322,112
6327,107
6342,107
6352,106
6357,104
6367,105
6382,105
6387,107
6392,109
6397,114
6402,116
6417,116
6432,116
6437,106
6442,106
6457,106
6467,108
6472,109
6487,109
6488,109
6493,107
6498,106
6503,104
6518,104
6528,109
6533,113
6543,115
6558,114
6563,112
6573,113
6578,109
6583,104
6588,101
6598,99
6603,98
6613,98
6628,98
6643,98
6658,98
6673,98
6688,98
6693,98
6708,98
6718,98
6728,102
6733,105
6738,104
6743,100
6748,87
6753,84
6758,86
6763,84
6768,77
6773,73
6783,74
6798,72
6803,71
6808,71
6818,72
6823,74
6828,74
6843,74
6858,74
6868,75
6883,75
6888,74
6893,75
6903,76
6908,75
6918,75
6933,75
6938,76
6943,75
6948,74
6953,75
6963,74
6973,73
6978,73
6988,74
6993,75
7008,75
7018,76
7023,76
7028,76
7043,76
7058,76
7063,77
7073,78
7083,77
7098,77
7113,77
7123,78
7128,79
7143,79
7158,82
7163,88
7173,75
7178,72
7183,72
7188,71
7193,70
7203,71
7213,72
7218,73
7223,72
7233,72
7243,73
7258,72
7263,71
7268,70
7273,69
7278,69
7293,69
7308,70
7318,69
7328,70
7343,70
7399,75
7414,75
7429,75
7444,75
7454,74
7459,70
7474,68
7489,67
7504,67
7509,68
7514,70
7519,71
7524,72
7539,72
7554,72
7559,73
7569,74
7584,74
7599,74
7604,72
7619,72
7624,73
7629,74
7634,75
7639,76
7644,77
7649,78
7654,79
7659,81
7664,82
7679,82
7694,82
7709,84
7719,77
7724,76
7729,72
7734,70
7739,70
7744,71
7749,72
7754,73
7769,73
7774,71
7789,71
7794,70
7799,69
7814,69
7824,69
7829,70
7844,71
7854,73
7859,69
7874,69
7879,70
7884,70
7894,71
7899,72
7904,73
7909,74
7914,73
7919,72
7934,72
7949,72
7964,72
7974,73
7984,72
7989,73
7994,74
7999,75
8009,76
8014,77
8029,77
8034,77
8044,79
8059,79
8069,79
8074,80
8079,80
8094,85
8099,85
8114,85
8119,85
8134,85
8139,85
8144,86
8159,86
8174,86
8189,86
8199,87
8204,89
8209,90
8224,90
8239,90
8254,90
8259,93
8264,91
8279,90
8284,79
8299,79
8304,80
8314,78
8319,78
8329,79
8334,82
8339,83
8344,85
8349,78
8354,74
8359,73
8364,72
8369,70
8379,71
8384,70
8394,70
8399,70
8414,70
8419,69
8424,68
8429,69
8439,70
8449,69
8459,71
8464,72
8469,73
8479,75
8484,76
8494,76
8509,74
8514,72
8519,71
8524,72
8534,73
8549,73
8559,74
8564,74
8574,72
8579,72
8584,71
8589,69
8594,69
8609,69
8624,69
8629,70
8644,70
8649,71
8654,71
8659,70
8674,70
8684,71
8699,71
8709,70
8714,71
8724,70
8729,70
8734,70
8739,70
8754,70
8769,71
8784,71
8785,70
8790,69
8800,71
8810,72
8815,71
8820,71
8825,72
8835,71
8845,72
8850,71
8865,71
8870,71
8875,70
8880,70
8895,71
8900,70
8905,71
8915,69
8920,70
8925,71
8930,71
8940,72
8945,72
8950,73
8965,73
8980,73
8985,73
8990,73
9000,74
9005,73
9020,72
9025,72
9040,72
9055,72
9070,73
9075,73
9080,75
9085,77
9100,77
9110,77
9125,77
9140,77
9155,77
9170,77
9185,77
9200,77
9215,77
9230,77
9245,77
9260,77
9275,77
9290,77
9305,77
9320,77
9321,77
9336,78
9341,80
9346,82
9356,84
9361,87
9366,88
9371,87
9376,86
9381,85
9386,80
9391,78
9406,78
9421,78
9426,79
9436,78
9441,79
9456,80
9471,83
9476,84
9481,86
9486,85
9491,87
9496,86
9501,86
9516,86
9521,85
9526,84
9531,88
9536,101
9541,101
9546,104
9551,106
9566,108
9571,111
9576,114
9581,124
9586,126
9591,132
9596,131
9601,128
9606,125
9611,122
9616,119
9621,116
9626,117
9631,120
9636,115
9641,111
9646,106
9651,102
9656,99
9661,101
9666,100
9676,99
9681,101
9686,111
9691,113
9696,119
9701,127
9706,128
9716,126
9721,121
9726,116
9731,113
9736,112
9741,110
9746,104
9751,100
9756,97
9771,96
9776,92
9781,93
9786,84
9791,82
9796,86
9801,87
9806,90
9811,91
9826,91
9841,91
9846,90
9861,90
9876,90
9891,90
9896,91
9901,94
9916,94
9926,96
9931,96
9936,96
9941,97
9946,98
9951,97
9961,99
9966,100
9971,102
9976,104
9981,106
9986,107
9996,108
10001,110
10006,111
10011,112
10016,100
10021,95
10026,93
10036,93
10051,93
10066,93
10076,95
10081,103
10096,105
10101,104
10106,103
10111,104
10126,104
10141,104
10151,103
10156,101
10166,102
10171,103
10181,102
10186,103
10191,104
10206,104
10221,104
10226,105
10231,105
10246,105
10251,106
10266,106
10271,105
10286,104
10301,104
10311,105
10316,106
10326,107
10331,108
10336,109
10351,109
10356,103
10361,100
10366,98
10376,99
10386,100
10401,100
10406,100
10411,97
10426,97
10431,98
10441,99
10456,99
10457,96
10462,92
10472,93
10487,94
10492,95
10497,96
10502,97
10512,98
10527,98
10537,100
10542,101
10552,104
10557,107
10572,107
10587,106
10592,105
10597,104
10602,102
10612,101
10627,101
10632,99
10637,98
10652,98
10657,99
10662,101
10667,104
10672,105
10677,105
10692,106
10697,109
10702,110
10707,111
10717,108
10722,107
10727,108
10742,108
10757,108
10772,108
10787,107
10792,85
10797,80
10802,79
10807,78
10822,78
10837,78
10847,77
10862,77
10877,77
10882,77
10897,77
10912,77
10927,77
10931,77
10941,80
10946,81
10951,82
10956,83
10971,83
10986,81
10991,78
11006,78
11021,79
11026,80
11036,81
11041,80
11056,80
11061,83
11066,93
11071,99
11076,107
11081,108
11086,109
11101,109
11116,108
11117,108
11122,106
11127,105
11137,100
11142,79
11147,74
11152,75
11162,74
11167,73
11177,74
11187,75
11197,74
11202,73
11217,72
11222,72
11227,73
11232,74
11237,74
11247,75
11252,76
11257,77
11262,75
11272,76
11277,77
11282,75
11287,75
11292,76
11307,76
11322,76
11332,76
11347,76
11362,76
11367,76
11372,77
11377,79
11382,80
11387,78
11392,77
11402,76
11407,75
11422,75
11427,74
11432,75
11437,77
11452,77
11457,77
11462,77
11467,78
11482,78
11497,79
11502,80
11517,80
11522,80
11537,79
11542,78
11547,77
11552,75
11557,74
11572,73
11587,73
11602,73
11607,74
11617,75
11622,76
11632,77
11637,78
11642,77
11657,77
11672,76
11682,75
11687,75
11697,75
11712,75
11727,78
11732,80
11737,79
11747,76
11757,77
11772,77
11777,77
11792,77
11802,77
11817,78
11822,78
11837,77
11847,77
11857,78
11862,75
11872,78
11877,79
11892,79
11907,78
12013,74
12018,73
12033,73
12038,74
12043,75
12058,75
12068,76
12073,77
12078,76
12088,76
12103,77
12113,79
12118,80
12128,81
12138,81
12148,79
12153,78
12163,80
12173,81
12188,81
12203,81
12218,81
12223,76
12228,73
12233,71
12243,72
12249,72
12254,73
12259,74
12264,73
12279,72
12294,72
12309,72
12314,73
12324,74
12329,75
12334,75
12339,77
12344,79
12349,80
12359,80
12364,79
12374,81
12389,80
12394,78
12409,78
12424,78
12439,78
12444,78
12454,79
12459,79
12469,79
12474,79
12479,78
12484,73
12499,73
12514,73
12519,74
12534,74
12544,75
12554,76
12559,78
12569,78
12574,77
12584,77
12594,78
12609,78
12619,77
12624,76
12639,75
12644,74
12659,74
12674,74
12679,73
12684,73
12689,72
12704,72
12709,72
12724,72
12729,72
12744,72
12759,71
12764,72
12769,73
12774,72
12789,72
12799,74
12804,76
12809,81
12814,82
12829,82
12844,82
12859,82
12874,82
12879,82
12894,82
12899,84
12904,83
12909,83
12924,83
12939,83
12954,83
12973,84
12978,82
12983,82
12993,83
12998,85
13003,87
13008,88
13023,88
13028,87
13033,87
13038,88
13043,87
13053,88
13068,88
13184,89
13189,88
13204,86
13219,86
13234,88
13249,88
13264,86
13279,86
13284,87
13294,88
13299,89
13304,88
13309,88
13319,88
13334,88
13349,87
13354,86
13369,86
13379,87
13384,88
13399,89
13409,89
13414,89
13419,88
13424,90
13429,91
13439,81
13444,79
13449,78
13464,78
13474,79
13479,78
13484,79
13494,78
13499,76
13504,75
13514,76
13519,78
13524,79
13534,77
13549,76
13559,75
13574,75
13579,76
13584,77
13589,78
13599,78
13614,78
13624,79
13629,79
13634,80
13639,81
13644,83
13649,84
13659,84
13669,83
13684,83
13699,82
13704,81
13719,81
13734,81
13749,81
13764,81
13779,81
13784,81
13794,82
13809,82
13814,83
13819,83
13829,82
13834,81
13849,81
13864,81
13879,81
13894,81
13909,81
13924,81
13934,80
13939,78
13944,77
13950,78
13965,78
13980,78
13995,78
14010,78
14025,78
14040,78
14055,78
14070,78
14085,78
14100,78
14115,78
14120,78
14130,78
14145,78
14160,78
14175,79
14185,79
14200,79
14215,79
14220,80
14225,81
14235,83
14250,84
14255,85
14265,84
14270,84
14275,84
14280,83
14290,82
14295,80
14300,79
14310,79
14325,79
14335,81
14340,83
14345,83
14360,83
14365,84
14380,84
14395,84
14405,84
14410,83
14415,84
14420,85
14425,86
14430,87
14435,86
14445,85
14455,86
14470,86
14480,87
14485,88
14490,89
14495,89
14500,87
14505,83
14510,84
14515,83
14530,83
14535,84
14545,84
14560,84
14570,85
14575,86
14590,86
14595,85
14600,84
14610,85
14615,83
14620,81
14625,80
14635,79
14640,78
14655,78
14660,78
14665,79
14680,80
14685,81
14695,85
14700,87
14705,87
14710,85
14725,85
14740,85
14745,86
14750,87
14765,87
14780,87
14795,87
14800,88
14815,88
14820,88
14835,87
14840,82
14845,81
14855,82
14860,83
14875,83
14890,84
14905,84
14915,85
14920,83
14935,84
14940,83
14945,82
14960,82
14965,84
14970,86
14985,86
14995,86
15010,86
15015,83
15020,85
15025,86
15040,85
15055,83
15060,82
15070,83
15080,82
15090,82
15100,83
15105,84
15110,83
15125,83
15140,83
15150,81
15155,80
15170,80
15185,80
15200,80
15205,82
15220,82
15226,83
15241,83
15256,83
15261,82
15266,82
15271,82
15286,82
15291,83
15301,83
15316,83
15331,84
15336,85
15346,84
15361,84
15366,85
15376,84
15381,83
15386,82
15391,81
15396,80
15406,79
15421,79
15431,79
15436,79
15451,79
15466,81
15471,82
15476,82
15491,82
15496,83
15506,84
15516,83
15526,82
15531,83
15536,84
15546,85
15551,85
15556,84
15561,85
15576,85
15586,86
15596,86
15606,85
15621,85
15636,85
15651,85
15666,85
15671,85
15686,86
15691,87
15701,88
15716,88
15726,86
15732,86
15742,87
15747,88
15762,88
15777,88
15787,89
15792,90
15807,90
15822,90
15832,91
15847,89
15857,88
15862,87
15867,85
15872,83
15877,82
15887,83
15892,82
15907,82
15917,80
15932,80
15947,80
15962,80
15967,81
15972,81
15982,81
15997,81
16002,81
16007,81
16022,81
16032,81
16047,81
16062,81
16077,81
16092,81
16102,81
16112,82
16127,81
16132,80
16147,80
16157,80
16172,79
16177,78
16182,79
16187,78
16192,77
16197,76
16212,76
16227,76
16242,76
16247,78
16262,78
16277,78
16278,78
16288,78
16303,79
16313,79
16323,80
16333,81
16343,84
16348,86
16358,86
16373,86
16383,87
16393,86
16398,85
16403,84
16413,83
16423,80
16428,78
16438,79
16443,78
16453,77
16458,77
16463,79
16468,80
16473,79
16488,79
16498,79
16513,79
16518,80
16533,80
16538,80
16553,79
16558,77
16568,78
16583,80
16588,77
16593,76
16608,76
16623,76
16633,76
16643,77
16658,77
16673,78
16688,79
16698,80
16703,82
16708,83
16713,84
16728,84
16733,87
16738,90
16743,89
16748,94
16758,90
16763,88
16768,86
16773,82
16778,80
16783,79
16798,79
16803,81
16808,83
16813,82
16818,84
16823,85
16838,85
16853,84
16863,85
16868,87
16878,86
16893,87
16898,88
16903,89
16918,88
16923,87
16933,86
16948,86
16953,86
16958,86
16973,86
16988,86
16993,90
16998,93
17008,94
17018,93
17023,90
17028,89
17033,90
17043,90
17053,89
17068,89
17083,89
17098,89
17113,90
17128,90
17133,90
17148,90
17158,90
17168,91
17173,92
17178,92
17193,92
17208,91
17213,90
17218,91
17228,90
17243,90
17248,91
17258,89
17263,88
17273,89
17283,90
17293,90
17308,90
17318,89
17333,89
17348,89
17363,89
17378,89
17383,86
17388,81
17398,80
17403,79
17418,79
17423,79
17428,79
17443,83
17448,85
17463,86
17468,86
17478,89
17483,94
17488,99
17493,100
17503,100
17518,100
17523,101
17538,105
17543,108
17548,110
17553,110
17558,111
17563,111
17568,110
17578,109
17583,108
17588,106
17593,105
17598,107
17613,107
17628,107
17633,107
17638,107
17643,107
17648,108
17653,109
17658,111
17663,112
17678,112
17693,113
17698,112
17708,111
17723,111
17728,111
17743,111
17758,111
17773,111
17778,114
17783,118
17788,121
17798,124
17803,125
17813,123
17818,120
17823,118
17828,116
17833,116
17838,115
17843,116
17853,118
17863,117
17868,118
17873,119
17878,121
17883,122
17898,122
17924,117
17939,117
17949,118
17964,120
17969,122
17974,123
17979,123
17994,122
17999,118
18004,115
18009,114
18014,112
18019,106
18024,103
18029,101
18034,98
18039,99
18054,99
18069,95
18074,84
18079,82
18084,80
18089,79
18094,78
18099,77
18104,76
18109,76
18114,77
18119,76
18124,71
18134,73
18149,73
18164,73
18179,73
18194,72
18199,73
18214,74
18224,75
18229,76
18234,76
18249,76
18264,76
18279,76
18294,77
18299,79
18304,78
18309,77
18324,79
18339,79
18344,78
18349,79
18354,78
18364,77
18369,77
18374,76
18379,75
18384,74
18399,74
18404,75
18409,75
18414,76
18429,76
18444,77
18449,76
18454,76
18464,74
18474,75
18479,76
18494,76
18499,75
18504,75
18519,75
18529,75
18539,73
18544,73
18549,72
18564,72
18579,72
18584,72
18599,72
18604,73
18609,74
18614,75
18624,74
18629,72
18644,73
18649,72
18664,72
18679,73
18694,73
18699,73
18714,73
18729,73
18734,74
18749,74
18764,74
18779,74
18794,74
18804,73
18809,72
18824,72
18839,72
18844,71
18854,70
18859,70
18864,70
18879,70
18884,69
18889,68
18904,69
18909,70
18914,71
18929,71
18934,74
18939,75
18944,76
18954,77
18959,76
18964,75
18969,74
18974,73
18984,74
18999,74
19004,75
19019,75
19034,75
19039,74
19054,74
19064,73
19069,74
19074,74
19089,73
19099,73
19104,73
19109,73
19124,71
19139,71
19154,71
19159,71
19169,71
19174,70
19189,71
19204,71
19209,70
19214,68
19219,66
19224,65
19234,66
19249,66
19259,65
19269,65
19274,69
19279,70
19294,70
19309,71
19314,68
19319,69
19324,70
19334,71
19340,74
19345,75
19355,76
19370,76
19385,76
19400,76
19415,76
19420,75
19435,75
19445,75
19450,75
19465,75
19470,75
19485,76
19490,76
19505,76
19510,77
19525,77
19540,77
19545,75
19560,75
19570,76
19585,76
19590,76
19595,75
19600,74
19605,73
19611,74
19626,74
19631,74
19636,73
19646,74
19661,74
19676,74
19681,73
19696,73
19701,73
19716,73
19726,75
19731,76
19746,76
19761,76
19776,76
19791,76
19806,76
19821,77
19826,78
19831,79
19836,79
19841,78
19846,77
19861,77
19866,76
19871,76
19876,75
19891,75
19906,75
19921,74
19936,74
19941,75
19946,76
19961,76
19976,76
19991,76
19996,76
20011,76
20021,75
20036,75
20051,75
20061,75
20076,75
20086,75
20091,76
20106,76
20121,75
20136,75
20141,75
20151,75
20156,76
20166,76
20173,76
20183,75
20188,74
20203,74
20208,75
20223,75
20238,74
20253,75
20258,74
20263,73
20268,71
20283,71
20298,71
20308,72
20323,73
20338,74
20343,73
20348,72
20353,72
20358,72
20363,73
20368,73
20373,72
20378,72
20393,72
20403,73
20413,73
20418,73
20423,72
20428,73
20438,74
20443,76
20458,75
20468,75
20483,75
20498,75
20513,75
20528,77
20533,79
20538,78
20543,77
20558,77
20573,78
20583,78
20598,78
20613,78
20618,77
20633,78
20643,79
20653,78
20658,78
20663,79
20668,78
20673,76
20678,76
20683,75
20688,76
20693,75
20698,74
20708,73
20718,72
20723,70
20728,70
20738,71
20743,72
20753,73
20768,75
20773,76
20778,77
20788,74
20803,74
20813,74
20823,75
20838,76
20853,76
20868,76
20873,76
20883,76
20893,76
20908,76
20913,77
20919,77
20924,76
20939,76
20954,77
20959,76
20974,76
20979,75
20984,74
20989,74
20994,75
21009,75
21024,75
21034,75
21049,75
21064,75
21079,75
21094,74
21099,71
21114,72
21119,73
21134,73
21149,72
21164,72
21179,72
21194,73
21209,73
21224,74
21229,74
21244,74
21249,73
21254,69
21259,66
21274,66
21284,67
21289,68
21294,69
21309,69
21324,69
21334,71
21339,72
21349,73
21354,72
21359,72
21369,73
21379,74
21384,73
21399,72
21404,71
21414,70
21424,71
21434,72
21439,71
21444,71
21449,71
21454,71
21464,73
21469,73
21474,73
21479,72
21484,70
21489,70
21499,71
21504,74
21509,73
21514,72
21519,71
21524,71
21529,72
21534,73
21549,73
21564,73
21569,74
21584,74
21640,80
21645,81
21655,83
21670,83
21685,83
21695,82
21705,79
21710,75
21720,74
21725,72
21730,71
21745,71
21750,72
21765,69
21775,69
21790,70
21805,70
21810,71
21815,70
21830,71
21845,72
21860,71
21865,70
21870,72
21875,73
21880,72
21890,74
21895,74
21900,75
21915,76
21920,76
21928,76
21943,76
21948,78
21953,80
21958,79
21963,70
21968,68
21983,68
21988,69
22003,71
22008,72
22013,74
22028,75
22038,76
22043,73
22048,72
22053,75
22058,78
22063,79
22078,79
22083,79
22093,78
22108,79
22113,81
22118,82
22128,83
22133,84
22143,85
22148,84
22153,83
22158,82
22168,84
22183,84
22198,86
22203,83
22208,76
22213,77
22223,79
22228,79
22243,79
22258,79
22263,80
22268,81
22278,81
22288,82
22303,82
22318,83
22333,83
22348,83
22363,83
22373,84
22378,83
22393,85
22398,88
22403,89
22418,89
22433,89
22448,89
22463,89
22478,89
22488,89
22503,89
22518,89
22533,89
22538,90
22548,90
22553,90
22568,90
22583,90
22598,90
22613,90
22628,90
22638,90
22653,90
22668,90
22699,90
22714,90
22729,90
22739,90
22754,90
22769,90
22784,90
22799,90
22814,90
22829,90
22844,90
22849,89
22864,89
22879,89
22894,89
22904,91
22909,92
22924,91
22939,91
22954,91
22969,91
22984,91
22999,91
23014,91
23019,92
23034,93
23039,94
23044,94
23059,94
23064,95
23079,95
23094,96
23099,97
23114,97
23129,97
23144,97
23159,96
23164,95
23169,96
23179,90
23184,88
23199,87
23204,86
23209,87
23224,87
23229,88
23234,89
23239,89
23244,91
23254,87
23259,88
23264,93
23269,102
23274,102
23279,101
23284,97
23289,93
23294,92
23304,92
23309,95
23314,97
23319,96
23329,97
23339,97
23344,98
23349,95
23354,93
23364,92
23374,91
23379,92
23389,93
23394,92
23399,92
23404,93
23409,95
23414,97
23419,98
23424,94
23429,93
23434,95
23439,93
23444,99
23449,100
23454,100
23469,101
23484,101
23489,104
23494,105
23509,105
23524,105
23539,106
23544,105
23549,101
23554,102
23559,102
23564,101
23569,103
23574,104
23584,106
23589,107
23599,106
23604,112
23609,113
23619,111
23624,106
23629,109
23634,105
23639,106
23649,108
23654,111
23664,112
23669,110
23674,109
23679,110
23694,110
23704,111
23709,114
23714,116
23729,115
23739,114
23744,113
23749,111
23754,109
23759,105
23764,102
23769,97
23774,98
23779,99
23784,102
23789,104
23794,106
23799,107
23814,107
23819,108
23824,108
23839,108
23844,107
23854,107
23859,108
23864,109
23874,110
23884,108
23889,109
23894,110
23904,107
23909,90
23914,89
23919,90
23934,90
23939,88
23949,89
23954,88
23959,87
23964,86
23969,85
23984,85
23989,86
23999,86
24005,86
24015,87
24030,87
24035,87
24050,87
24055,88
24060,89
24075,89
24080,91
24085,91
24090,93
24095,94
24105,94
24120,94
24135,94
24150,94
24155,94
24160,95
24165,95
24170,95
24175,94
24185,95
24200,93
24215,94
24220,95
24225,96
24230,97
24235,100
24240,103
24255,103
24260,102
24265,101
24280,101
24295,101
24310,101
24325,101
24335,102
24340,105
24350,107
24355,111
24360,114
24365,115
24380,115
24395,115
24410,115
24425,115
24435,117
24450,118
24465,118
24480,118
24495,118
24510,118
24520,119
24525,116
24530,114
24545,115
24560,115
24575,115
24585,114
24590,113
24595,114
24600,115
24615,115
24630,115
24645,116
24655,115
24660,111
24675,111
24690,111
24705,111
24715,112
24720,111
24725,113
24730,114
24740,113
24755,113
24770,113
24775,116
24780,116
24785,115
24790,114
24795,114
24800,114
24805,116
24815,117
24830,117
24840,118
24850,114
24865,114
24880,114
24890,114
24905,114
24920,114
24930,114
24935,115
24940,116
24945,117
24955,118
24970,118
24985,118
24990,116
25000,111
25005,110
25015,105
25020,102
25025,101
25040,101
25046,97
25051,95
25056,94
25071,94
25086,94
25091,95
25101,95
25116,97
25131,97
25136,97
25146,95
25161,95
25166,94
25176,93
25181,92
25186,90
25191,89
25196,88
25201,87
25206,87
25216,87
25231,87
25236,87
25251,87
25256,88
25261,89
25276,89
25281,89
25296,89
25301,88
25316,88
25331,89
25336,90
25351,90
25366,90
25371,91
25381,90
25396,90
25411,90
25426,90
25441,90
25446,89
25461,89
25476,89
25481,90
25496,90
25501,88
25506,86
25511,77
25526,77
25541,78
25546,80
25551,79
25556,76
25566,80
25571,83
25576,87
25581,88
25591,89
25606,89
25621,89
25631,87
25636,88
25641,87
25646,86
25651,87
25666,88
25671,87
25676,85
25681,84
25686,82
25696,83
25701,85
25706,85
25716,83
25721,81
25736,80
25746,80
25756,78
25761,77
25766,77
25771,73
25776,72
25791,72
25796,73
25806,74
25811,73
25826,73
25841,74
25846,73
25851,71
25861,72
25866,71
25871,70
25876,70
25881,71
25886,70
25901,70
25906,71
25921,71
25931,71
25946,71
25951,72
25966,73
25981,74
25986,75
25991,76
25997,77
26002,76
26007,73
26012,71
26017,70
26027,71
26032,70
26042,71
26052,73
26057,74
26072,74
26087,73
26102,74
26107,75
26112,76
26122,76
26132,78
26137,78
26142,77
26147,75
26152,73
26167,73
26172,72
26177,71
26182,71
26192,72
26207,72
26212,72
26222,71
26232,72
26237,71
26242,72
26252,73
26267,73
26272,72
26287,72
26302,71
26312,71
26327,72
26332,71
26342,72
26357,72
26372,72
26387,71
26392,70
26407,70
26412,71
26422,72
26437,72
26442,73
26452,73
26457,72
26462,71
26467,71
26472,71
26477,72
26492,72
26497,74
26502,75
26507,76
26522,76
26537,77
26542,78
26547,77
26552,74
26557,72
26567,71
26582,71
26587,70
26592,70
26602,73
26607,75
26617,74
26627,75
26637,73
26642,71
26647,71
26652,70
26657,69
26662,70
26672,72
26677,72
26692,74
26707,74
26717,74
26722,75
26737,76
26752,76
26762,75
26767,74
26772,72
26777,70
26782,71
26797,71
26812,72
26817,74
26822,73
26827,74
26832,76
26837,77
26842,80
26847,82
26857,83
26862,80
26867,79
26877,81
26892,81
26907,82
26912,82
26927,82
26932,83
26942,82
26957,82
26972,82
26987,82
27002,82
27007,83
27022,83
27037,83
27047,82
27052,83
27067,83
27082,83
27092,83
27107,83
27183,84
27193,83
27203,83
27218,76
27223,74
27238,74
27243,74
27258,74
27273,74
27278,75
27283,77
27298,77
27303,78
27308,79
27313,79
27328,79
27343,79
27353,78
27358,77
27373,78
27378,80
27393,80
27408,80
27413,80
27428,80
27433,80
27438,79
27443,78
27448,77
27463,77
27468,77
27483,78
27498,78
27508,77
27513,77
27518,78
27523,79
27528,79
27533,77
27538,76
27553,76
27568,76
27583,79
27588,80
27598,79
27603,78
27608,77
27623,77
27638,76
27643,77
27648,76
27658,75
27668,74
27683,73
27688,73
27698,72
27703,71
27708,70
27718,71
27723,72
27733,74
27748,75
27763,75
27768,75
27783,75
27798,76
27803,76
27813,76
27828,76
27838,77
27848,77
27863,77
27878,77
27888,76
27893,74
27898,71
27908,72
27923,72
27938,73
27953,73
27968,73
27973,76
27978,80
27983,78
27998,78
28013,78
28028,78
28038,79
28043,80
28048,81
28063,81
28078,81
28088,81
28103,81
28113,81
28118,81
28133,81
28148,81
28163,81
28173,80
28178,78
28183,76
28198,76
28203,74
28213,75
28228,75
28234,76
28249,76
28259,77
28274,75
28289,75
28299,77
28304,77
28319,77
28334,77
28339,76
28354,76
28359,77
28374,77
28389,79
28399,78
28404,76
28414,75
28429,75
28439,74
28444,73
28459,73
28474,72
28489,72
28494,71
28509,71
28524,71
28529,71
28534,71
28549,71
28554,71
28569,72
28579,73
28589,74
28594,77
28599,81
28604,82
28614,82
28619,84
28624,89
28629,89
28634,89
28639,92
28654,92
28669,92
28684,92
28689,92
28704,92
28714,92
28724,92
28739,91
28754,91
28769,92
28774,93
28784,94
28789,95
28799,95
28807,78
28812,77
28827,78
28832,80
28847,78
28862,78
28877,78
28887,78
28892,79
28907,79
28922,79
28927,79
28932,78
28947,78
28957,78
28962,79
28977,77
28992,77
29002,76
29017,76
29027,77
29032,77
29042,78
29047,79
29062,79
29077,79
29092,79
29102,79
29117,79
29132,79
29147,81
29152,80
29167,79
29182,79
29192,78
29198,77
29213,77
29228,77
29243,77
29258,77
29273,77
29278,78
29283,78
29293,78
29303,79
29308,79
29313,79
29323,78
29328,79
29343,79
29348,78
29353,79
29358,81
29363,84
29368,86
29383,86
29398,87
29413,87
29418,87
29433,87
29448,87
29463,88
29468,88
29483,88
29498,88
29508,87
29523,87
29528,86
29543,86
29558,86
29573,87
29588,88
29603,88
29618,90
29623,80
29628,78
29643,78
29653,79
29668,79
29683,79
29688,80
29693,81
29698,82
29703,83
29713,84
29718,83
29728,84
29733,85
29738,84
29743,83
29758,84
29773,84
29778,83
29793,83
29798,82
29803,80
29813,81
29818,82
29823,81
29828,80
29833,80
29843,79
29848,78
29853,77
29863,76
29873,77
29888,77
29893,78
29898,77
29903,77
29908,77
29913,78
29918,77
29923,75
29928,75
29933,75
29948,75
29963,75
29968,75
29978,75
29993,77
30008,77
30013,78
30028,81
30033,81
30048,81
30058,83
30073,84
30088,85
30093,86
30103,85
30113,86
30118,85
30123,84
30128,81
30143,82
30148,85
30153,91
30158,92
30163,89
30168,84
30173,82
30178,81
30183,76
30188,75
30193,76
30208,76
30223,77
30228,82
30233,83
30248,83
30263,83
30268,82
30283,82
30288,83
30293,85
30303,86
30308,85
30313,84
30318,84
30323,84
30338,84
30353,84
30368,83
30383,83
30398,82
30404,83
30414,83
30424,84
30429,86
30439,85
30449,84
30454,85
30459,86
30474,86
30489,86
30499,86
30504,85
30514,84
30519,83
30524,82
30539,82
30544,82
30549,83
30564,82
30574,81
30584,81
30594,80
30599,81
30604,82
30619,82
30624,85
30629,85
30634,83
30649,83
30664,83
30669,82
30684,82
30694,83
30699,82
30704,78
30709,77
30714,78
30719,78
30729,78
30739,80
30749,82
30764,82
30774,86
30779,86
30784,85
30789,84
30794,82
30804,82
30819,82
30824,81
30829,82
30844,82
30859,82
30864,82
30869,82
30884,82
30899,82
30904,83
30909,82
30924,82
30934,82
30949,82
30964,82
30969,83
30984,83
30999,83
31009,84
31014,86
31019,87
31024,87
31029,85
31039,84
31044,83
31059,82
31064,81
31074,82
31079,83
31094,83
31099,81
31104,80
31119,80
31124,81
31139,81
31154,82
31159,83
31164,82
31169,82
31184,81
31189,82
31194,83
31199,82
31214,82
31224,83
31229,84
31234,85
31239,86
31249,87
31254,88
31259,88
31269,88
31279,87
31284,85
31289,84
31299,83
31309,84
31314,83
31329,83
31344,83
31345,83
31355,84
31360,86
31365,87
31380,87
31390,86
31395,84
31400,79
31415,79
31430,79
31440,78
31455,76
31470,77
31485,77
31500,77
31505,78
31510,78
31520,81
31525,82
31535,83
31540,85
31545,82
31550,83
31555,82
31560,83
31565,83
31570,82
31575,82
31585,81
31600,81
31615,81
31620,80
31630,79
31635,78
31640,77
31645,77
31660,78
31675,78
31680,79
31685,80
31700,81
31715,81
31730,82
31740,81
31745,78
31750,78
31755,79
31765,80
31780,81
31795,81
31800,80
31805,79
31810,78
31815,77
31820,77
31825,78
31830,77
31835,78
31840,80
31845,81
31850,81
31865,81
31870,81
31875,82
31880,83
31885,84
31890,84
31895,82
31910,82
31925,82
31940,82
31950,81
31955,82
31970,82
31980,80
31985,78
31990,77
32000,78
32010,78
32015,79
32020,80
32025,81
32030,80
32035,80
32050,80
32060,81
32070,81
32085,81
32090,82
32095,81
32110,81
32120,80
32125,79
32140,80
32145,82
32150,83
32160,82
32175,81
32190,81
32200,82
32210,82
32215,82
32220,81
32225,83
32230,82
32235,81
32240,79
32250,79
32255,79
32265,80
32280,80
32295,82
32300,83
32305,86
32315,84
32325,81
32330,80
32335,80
32340,81
32345,83
32350,83
32365,83
32370,82
32380,83
32395,83
32410,82
32425,82
32435,83
32440,81
32455,81
32470,81
32485,81
32501,80
32506,81
32521,81
32526,81
32531,81
32546,80
32556,82
32571,82
32576,81
32591,81
32596,80
32601,78
32616,78
32621,77
32626,76
32631,76
32636,78
32641,79
32646,80
32651,81
32656,82
32661,83
32671,84
32676,83
32681,81
32696,80
32711,80
32716,80
32726,85
32731,86
32736,81
32741,80
32746,81
32751,81
32766,81
32776,82
32791,81
32806,81
32811,82
32816,84
32821,83
32831,82
32841,84
32856,83
32861,79
32866,78
32871,77
32886,77
32891,77
32906,78
32916,79
32931,79
32946,79
32956,80
32961,79
32966,80
32981,82
32991,84
33006,84
33021,84
33026,83
33036,82
33041,81
33051,80
33056,79
33066,80
33076,81
33081,80
33096,81
33111,81
33116,82
33131,83
33146,83
33156,75
33171,76
33176,78
33186,79
33191,78
33196,79
33201,78
33206,77
33211,77
33226,78
33231,79
33236,78
33246,79
33251,80
33256,80
33266,80
33271,81
33286,83
33301,84
33306,83
33311,82
33326,81
33331,79
33341,78
33351,79
33356,80
33371,80
33386,81
33437,86
33447,86
33452,85
33462,86
33467,86
33472,85
33482,86
33497,86
33502,84
33507,83
33512,83
33527,83
33542,83
33547,82
33557,83
33572,82
33582,82
33597,82
33612,82
33627,83
33632,82
33637,81
33652,81
33662,80
33677,80
33687,81
33692,82
33697,82
33702,83
33707,82
33712,80
33727,80
33742,80
33757,80
33762,79
33772,80
33777,78
33782,77
33787,78
33802,78
33807,79
33812,79
33822,79
33837,79
33842,78
33847,77
33852,76
33857,74
33867,75
33872,76
33877,77
33892,77
33907,77
33917,77
33922,78
33932,79
33942,80
33947,82
33952,82
33957,81
33962,79
33967,79
33982,79
33992,80
33997,79
34012,77
34017,77
34022,79
34027,80
34032,80
34047,80
34052,79
34067,80
34072,79
34077,80
34082,83
34087,82
34092,81
34097,82
34102,83
34112,82
34117,82
34132,82
34147,82
34157,83
34167,82
34182,83
34187,82
34202,79
34207,78
34212,77
34222,78
34227,77
34232,77
34237,78
34252,78
34257,79
34262,80
34267,81
34282,81
34297,81
34312,81
34317,82
34322,80
34327,79
34332,80
34342,79
34357,79
34358,79
34368,80
34383,80
34393,79
34398,78
34403,76
34413,75
34423,74
34433,75
34448,75
34453,75
34463,74
34473,75
34478,76
34483,77
34488,78
34493,81
34498,81
34503,79
34513,80
34528,80
34538,81
34543,82
34558,83
34568,84
34583,83
34598,83
34603,83
34618,83
34623,82
34638,82
34643,83
34653,82
34658,81
34663,82
34668,84
34673,84
34683,83
34688,82
34703,82
34708,83
34723,83
34728,82
34733,83
34738,85
34753,84
34758,83
34763,82
34768,81
34783,81
34793,82
34808,81
34813,80
34823,80
34828,81
34838,82
34843,84
34848,85
34858,83
34863,81
34868,82
34883,81
34888,81
34893,80
34903,79
34913,80
34928,80
34938,79
34943,84
34953,85
34968,85
34978,84
34993,84
35008,84
35023,84
35028,83
35033,81
35038,81
35053,81
35058,80
35063,81
35068,82
35083,82
35098,83
35108,82
35113,82
35118,82
35133,82
35143,83
35158,83
35173,84
35188,84
35193,85
35208,85
35223,85
35233,86
35248,86
35263,86
35278,86
35293,86
35308,86
35318,87
35328,87
35338,88
35343,83
35348,84
35353,87
35358,88
35363,88
35368,88
35383,88
35398,90
35403,91
35418,91
35428,90
35433,87
35443,88
35448,87
35463,87
35468,88
35483,88
35498,89
35604,88
35609,89
35624,89
35629,91
35644,91
35654,93
35659,98
35664,99
35669,101
35674,102
35679,102
35694,102
35709,102
35719,104
35724,110
35734,109
35739,112
35744,112
35759,112
35774,112
35789,112
35799,116
35804,115
35819,115
35824,113
35829,112
35839,113
35844,114
35849,113
35864,113
35879,111
35894,111
35899,112
35904,111
35909,101
35914,100
35919,101
35934,102
35939,101
35944,100
35949,95
35959,96
35964,96
35979,97
35984,99
35989,99
35994,100
36009,100
36024,100
36029,97
36034,92
36039,91
36054,90
36059,90
36064,82
36069,74
36074,73
36079,72
36084,73
36089,72
36104,72
36119,73
36124,72
36129,71
36134,70
36139,70
36144,71
36154,72
36159,70
36169,71
36179,71
36184,69
36194,70
36199,70
36204,71
36209,70
36214,70
36219,71
36224,73
36229,72
36234,71
36239,71
36244,70
36259,70
36269,71
36274,72
36289,73
36299,72
36314,72
36324,73
36329,72
36339,73
36344,75
36349,74
36354,72
36359,71
36369,72
36374,71
36379,70
36384,69
36389,69
36404,68
36409,68
36424,68
36429,70
36434,69
36439,66
36444,66
36449,65
36464,65
36469,64
36484,64
36489,70
36494,71
36509,71
36514,71
36519,71
36529,71
36544,71
36640,72
36650,73
36665,73
36675,76
36680,77
36685,76
36690,74
36695,74
36710,74
36715,76
36720,76
36730,75
36740,73
36745,72
36750,73
36765,73
36775,71
36785,72
36790,74
36795,75
36800,74
36805,73
36810,73
36825,72
36830,73
36835,74
36840,73
36845,74
36850,74
36855,74
36860,73
36870,72
36875,72
36885,72
36890,74
36895,74
36905,73
36910,72
36915,73
36920,72
36930,72
36935,72
36940,73
36945,72
36950,72
36955,71
36965,72
36970,72
36980,73
36985,74
36995,73
37005,74
37010,73
37015,72
37020,73
37035,72
37040,72
37050,73
37055,74
37060,75
37065,73
37070,72
37085,73
37095,72
37110,72
37125,72
37130,73
37140,74
37150,74
37155,74
37160,74
37165,72
37170,72
37180,71
37185,72
37190,74
37200,73
37210,73
37215,73
37230,73
37240,72
37245,72
37260,73
37275,73
37280,72
37290,73
37295,74
37300,74
37305,73
37315,74
37320,75
37335,76
37340,76
37345,75
37355,74
37360,73
37375,74
37380,74
37390,74
37395,74
37400,75
37415,75
37430,75
37435,76
37445,75
37460,75
37476,76
37486,76
37491,76
37496,75
37501,76
37506,75
37511,76
37516,75
37531,75
37541,76
37546,76
37551,76
37566,76
37581,75
37586,76
37596,74
37601,75
37606,76
37616,75
37631,76
37646,76
37661,76
37666,77
37671,77
37676,77
37681,76
37696,76
37697,76
37702,75
37707,74
37712,75
37722,75
37727,76
37732,77
37737,76
37752,76
37757,75
37762,76
37777,76
37787,75
37792,76
37797,75
37802,75
37807,76
37817,75
37827,76
37842,76
37857,76
37862,75
37867,76
37872,75
37877,75
37892,75
37893,75
37898,74
37908,75
37923,76
37938,77
37943,76
37948,75
37963,75
37968,76
37973,75
37988,75
37998,76
38013,75
38023,76
38028,74
38043,75
38053,74
38063,75
38078,75
38093,74
38098,75
38103,74
38118,75
38133,74
38138,75
38153,74
38163,75
38168,75
38183,75
38188,74
38193,75
38203,76
38213,74
38218,73
38233,73
38248,75
38253,74
38268,74
38273,74
38288,74
38303,74
38308,75
38323,75
38338,75
38343,74
38358,74
38373,74
38378,74
38388,75
38398,74
38413,74
38414,74
38419,75
38434,75
38439,76
38449,74
38459,75
38474,75
38484,76
38494,75
38509,76
38519,75
38524,76
38534,75
38544,74
38554,75
38559,76
38564,75
38569,74
38574,75
38579,76
38584,75
38599,75
38614,75
38619,75
38629,76
38644,76
38645,76
38660,76
38665,75
38680,76
38695,76
38710,75
38715,76
38720,75
38735,75
38745,76
38750,75
38755,74
38765,75
38770,76
38775,78
38780,79
38795,78
38800,77
38805,76
38815,75
38820,73
38830,74
38835,75
38845,77
38855,76
38860,75
38865,76
38870,75
38875,76
38885,75
38890,74
38895,75
38900,74
38910,75
38920,74
38925,75
38930,76
38935,75
38940,74
38945,75
38955,74
38960,73
38965,74
38970,75
38975,74
38990,74
39005,74
39020,74
39025,75
39030,76
39035,75
39040,76
39045,76
39055,75
39061,73
39066,72
39076,73
39081,73
39091,75
39096,76
39101,75
39111,76
39116,75
39121,74
39136,75
39141,76
39146,75
39151,76
39156,75
39166,76
39171,77
39186,76
39201,76
39211,77
39216,75
39226,77
39241,76
39256,76
39271,76
39276,77
39281,76
39286,76
39291,77
39306,76
39311,75
39316,76
39321,77
39331,76
39336,77
39351,76
39356,77
39371,76
39386,76
39401,76
39406,77
39411,78
39416,77
39426,76
39436,77
39441,76
39446,75
39461,75
39466,76
39471,77
39476,76
39491,76
39496,76
39502,76
39517,76
39522,75
39537,75
39547,76
39557,77
39562,76
39572,77
39577,76
39587,77
39597,76
39602,77
39617,76
39632,76
39647,75
39662,75
39667,76
39672,75
39687,74
39697,75
39702,76
39712,75
39717,74
39722,75
39737,74
39747,75
39752,76
39757,75
39767,76
39782,76
39792,76
39807,76
39817,76
39832,76
39847,75
39857,75
39867,74
39882,74
39897,74
39912,75
39917,76
39927,75
39937,76
39952,76
39957,75
39962,74
39972,75
39987,75
39993,75
40003,76
40018,76
40033,75
40048,76
40063,76
40068,75
40083,75
40093,74
40108,75
40118,76
40128,86
40133,87
40138,83
40143,81
40148,80
40153,78
40158,75
40163,74
40168,73
40173,72
40178,74
40188,73
40193,73
40198,74
40203,76
40209,76
40214,75
40219,74
40224,75
40239,75
40249,74
40264,74
40269,75
40274,74
40279,73
40284,74
40299,73
40304,74
40314,76
40319,78
40324,80
40334,77
40339,75
40344,74
40349,75
40354,76
40364,75
40369,74
40374,73
40384,74
40399,74
40404,75
40409,74
40424,73
40429,72
40439,74
40454,74
40464,75
40469,76
40474,75
40489,74
40494,73
40499,74
40504,73
40514,74
40519,74
40534,74
40544,74
40549,73
40559,74
40564,73
40574,75
40584,74
40594,75
40599,75
40604,74
40609,74
40619,72
40629,74
40635,76
40645,75
40655,73
40665,74
40680,75
40685,74
40700,74
40710,74
40715,75
40725,79
40730,76
40735,74
40740,72
40745,71
40750,70
40760,73
40765,78
40770,77
40775,75
40780,76
40785,79
40790,78
40795,75
40800,73
40805,74
40810,73
40815,72
40820,72
40825,73
40830,74
40845,74
40850,75
40865,75
40875,73
40880,71
40885,72
40900,74
40905,78
40910,76
40915,72
40925,73
40930,74
40935,73
40945,73
40950,74
40965,74
40980,74
40985,73
40995,74
41000,75
41010,74
41025,74
41040,74
41046,75
41056,74
41071,73
41086,73
41096,74
41106,75
41121,75
41126,73
41131,73
41146,74
41156,75
41161,76
41166,75
41181,75
41191,75
41201,76
41216,76
41221,75
41231,74
41236,72
41251,72
41256,74
41261,73
41266,74
41276,75
41291,75
41292,76
41307,75
41312,74
41317,73
41327,75
41332,78
41337,77
41342,75
41352,77
41357,78
41362,77
41367,73
41382,73
41392,75
41402,76
41407,76
41422,76
41427,72
41437,71
41442,71
41457,71
41462,71
41467,72
41472,73
41487,73
41502,73
41503,73
41513,72
41518,71
41533,71
41538,70
41543,68
41558,68
41573,68
41588,69
41593,68
41598,67
41603,66
41613,65
41618,64
41633,64
41638,65
41653,64
41658,65
41668,64
41673,66
41678,67
41683,68
41688,69
41703,69
41713,68
41718,66
41723,65
41728,66
41738,66
41743,67
41748,65
41758,67
41768,65
41773,63
41788,63
41793,64
41798,63
41808,64
41818,64
41823,65
41828,66
41843,66
41853,70
41858,71
41863,72
41868,73
41873,74
41883,75
41888,76
41903,76
41908,72
41913,74
41919,74
41929,73
41944,73
41959,73
41964,74
41969,75
41984,75
41994,74
41999,73
42014,73
42019,74
42024,75
42029,74
42044,74
42049,75
42064,76
42079,76
42094,76
42109,77
42119,78
42129,79
42134,78
42149,78
42164,78
42179,78
42189,79
42194,80
42200,79
42210,78
42215,77
42220,77
42225,78
42230,79
42245,79
42250,78
42265,77
42270,72
42275,71
42280,72
42285,73
42290,73
42295,76
42300,77
42310,75
42315,71
42320,71
42325,72
42340,72
42345,73
42350,75
42355,76
42365,77
42370,76
42375,74
42380,74
42385,75
42390,76
42395,77
42400,78
42405,79
42410,78
42415,80
42425,80
42440,79
42450,78
42465,78
42480,78
42495,83
42500,82
42505,76
42510,71
42525,71
42535,72
42540,73
42545,74
42555,73
42565,71
42570,72
42580,71
42585,73
42595,74
42601,74
42606,75
42621,74
42626,70
42631,72
42636,73
42646,74
42651,75
42666,76
42676,77
42681,79
42691,76
42696,75
42701,74
42711,75
42726,76
42731,76
42741,75
42746,75
42751,77
42756,78
42771,77
42781,77
42791,76
42806,77
42821,76
42831,77
42836,77
42851,78
42866,78
42871,78
42876,78
42881,76
42886,75
42891,74
42901,75
42906,76
42911,75
42916,74
42931,74
42941,75
42956,75
42961,77
42971,77
42976,77
42991,77
43006,77
43021,77
43036,77
43041,78
43046,79
43051,78
43066,78
43071,77
43077,77
43092,77
43097,76
43107,77
43122,77
43137,78
43152,78
43167,78
43177,77
43192,77
43202,78
43217,79
43232,79
43247,79
43252,78
43267,78
43272,77
43287,76
43292,76
43302,76
43307,76
43312,75
43327,75
43337,76
43347,77
43357,76
43367,77
43372,78
43377,74
43392,74
43397,75
43407,76
43422,76
43427,75
43437,75
43442,77
43447,78
43462,78
43472,79
43477,78
43492,78
43507,78
43522,77
43532,76
43542,77
43557,77
43572,77
43587,77
43602,77
43617,78
43623,77
43638,77
43648,76
43653,73
43663,74
43678,74
43693,74
43703,79
43708,85
43723,84
43728,83
43733,81
43743,82
43748,81
43753,80
43758,78
43763,77
43778,76
43783,74
43798,74
43803,73
43813,76
43818,79
43823,79
43828,80
43843,80
43849,80
43864,81
43879,81
43884,80
43899,79
43914,79
43924,78
43929,77
43944,77
43959,78
43964,77
43974,78
43989,78
44004,78
44019,78
44034,79
44049,78
44064,78
44079,78
44094,78
44109,78
44124,78
44139,78
44154,78
44164,77
44179,78
44184,77
44190,77
44195,78
44210,78
44225,78
44240,78
44255,78
44265,79
44280,79
44295,79
44310,79
44325,79
44340,79
44355,79
44365,80
44380,79
44395,79
44405,78
44410,73
44415,74
44420,75
44435,76
44440,77
44455,78
44470,78
44485,78
44500,78
44515,79
44520,78
44535,78
44550,78
44555,77
44570,76
44580,77
44595,77
44610,77
44625,80
44630,77
44645,77
44660,77
44675,78
44680,79
44695,79
44700,78
44705,79
44710,78
44725,78
44740,78
44750,79
44755,78
44765,79
44770,78
44776,78
44781,77
44796,77
44801,78
44816,79
44821,78
44836,78
44851,78
44866,78
44881,78
44896,78
44911,78
44921,79
44931,78
44946,78
44961,78
44976,78
44986,77
44996,76
45001,75
45006,75
45011,76
45026,76
45047,76
45062,77
45067,76
45077,77
45092,79
45107,78
45122,78
45137,78
45152,78
45167,78
45172,78
45187,78
45202,78
45217,78
45222,77
45232,78
45242,77
45247,76
45257,77
45267,76
45272,76
45277,77
45292,77
45302,78
45317,75
45322,74
45332,75
45337,76
45342,75
45357,75
45367,76
45372,77
45382,75
45387,72
45392,74
45397,76
45402,76
45407,77
45417,76
45422,76
45427,77
45432,78
45442,77
45452,76
45462,77
45467,78
45472,79
45487,79
45497,77
45502,78
45517,78
45527,77
45532,76
45538,77
45553,77
45558,76
45563,76
45568,77
45573,77
45578,78
45583,78
45588,77
45603,77
45618,77
45623,76
45628,76
45633,77
45648,78
45658,77
45673,77
45678,78
45688,77
45703,77
45713,76
45718,77
45733,77
45738,78
45748,77
45763,77
45778,76
45783,76
45798,76
45808,77
45818,76
45833,76
45838,76
45843,75
45858,75
45863,76
45878,76
45893,76
45908,76
45913,77
45918,78
45923,77
45933,77
45948,77
45953,75
45963,75
45968,75
45973,74
45978,73
45983,74
45988,73
46003,73
46004,74
46019,75
46024,76
46029,75
46044,75
46054,77
46059,76
46064,75
46069,76
46074,74
46084,75
46099,75
46104,76
46114,75
46119,76
46129,77
46134,75
46139,72
46144,73
46149,74
46159,75
46164,74
46179,75
46189,74
46194,75
46209,75
46214,74
46220,74
46225,75
46230,76
46235,75
46250,75
46260,76
46275,75
46285,76
46300,75
46315,75
46320,74
46325,75
46335,76
46350,75
46355,76
46365,75
46380,75
46390,76
46395,75
46410,74
46425,75
46430,74
46440,75
46455,75
46460,75
46465,75
46470,74
46475,74
46490,74
46495,75
46500,74
46515,75
46530,75
46535,74
46550,74
46565,75
46580,75
46595,75
46600,76
46605,74
46615,73
46625,74
46640,74
46645,75
46655,74
46665,75
46670,74
46685,74
46690,76
46695,74
46710,74
46715,74
46721,73
46726,74
46741,74
46756,74
46766,75
46771,76
46786,76
46791,75
46806,74
46816,75
46831,75
46836,73
46851,73
46856,74
46861,75
46871,74
46886,73
46901,74
46916,74
46931,74
46936,73
46941,71
46946,72
46951,73
46956,74
46971,74
46976,75
46981,74
46986,73
47001,73
47006,73
47021,73
47026,74
47031,75
47036,76
47041,74
47046,68
47051,69
47056,73
47061,74
47071,71
47076,68
47081,67
47086,67
47101,67
47106,67
47111,68
47116,69
47121,69
47136,69
47141,67
47156,67
47166,68
47172,65
47177,66
47182,67
47197,67
47207,68
47222,68
47227,67
47232,66
47247,66
47252,67
47262,68
47267,69
47272,70
47277,72
47282,75
47287,71
47292,69
47297,68
47312,68
47327,67
47337,68
47342,69
47357,68
47362,66
47377,67
47392,67
47397,68
47403,68
47413,69
47418,68
47428,69
47443,69
47453,70
47458,68
47463,68
47468,67
47483,68
47498,68
47513,68
47518,67
47533,66
47548,66
47558,67
47573,67
47578,68
47588,69
47593,70
47608,69
47613,66
47618,65
47623,66
47628,67
47633,68
47638,69
47643,69
47653,68
47658,68
47668,66
47678,67
47693,68
47698,67
47703,66
47708,67
47713,66
47723,65
47738,65
47743,66
47748,67
47753,68
47768,68
47773,69
47788,69
47803,69
47808,68
47818,71
47823,82
47833,77
47838,72
47843,67
47849,66
47854,65
47869,65
47879,66
47884,67
47899,67
47914,67
47929,66
47934,67
47939,66
47944,67
47949,69
47954,71
47964,72
47974,71
47984,70
47989,68
47994,67
48004,66
48019,67
48034,67
48039,68
48054,68
48059,69
48064,68
48079,68
48094,67
48099,67
48109,69
48119,70
48134,69
48144,69
48149,69
48164,69
48179,69
48194,69
48204,71
48209,70
48219,71
48234,71
48249,71
48264,72
48279,72
48294,71
48304,69
48319,69
48355,70
48365,69
48380,69
48385,69
48390,68
48400,70
48405,71
48415,70
48420,70
48435,69
48450,70
48465,71
48470,70
48475,69
48490,70
48495,69
48510,69
48525,69
48530,70
48540,69
48555,70
48565,69
48580,70
48590,72
48595,75
48600,74
48605,72
48611,71
48616,70
48631,69
48636,70
48651,71
48656,69
48666,70
48676,70
48686,71
48691,72
48696,73
48701,75
48711,74
48726,71
48731,69
48736,70
48751,71
48756,72
48766,71
48781,71
48786,70
48791,68
48796,67
48801,65
48806,64
48821,66
48826,67
48831,67
48836,68
48851,68
48856,69
48866,68
48881,68
48896,69
48906,68
48911,69
48916,69
48931,69
48936,70
48941,71
48946,70
48951,71
48966,71
48981,71
48986,70
48991,69
49001,68
49016,68
49021,70
49036,70
49041,70
49051,71
49057,70
49062,69
49077,69
49082,69
49097,69
49112,68
49127,68
49137,67
49147,68
49162,67
49167,67
49172,68
49187,68
49192,69
49197,67
49202,66
49207,67
49222,67
49232,67
49237,66
49247,67
49262,67
49277,67
49287,67
49302,66
49312,67
49327,67
49332,67
49337,68
49347,68
49357,67
49372,69
49377,68
49387,67
49402,67
49412,68
49417,69
49422,68
49437,68
49452,67
49457,68
49472,68
49477,69
49482,68
49492,67
49502,68
49517,68
49532,68
49542,69
49547,68
49562,68
49567,67
49573,67
49588,67
49603,67
49613,68
49618,67
49633,67
49638,68
49653,68
49668,68
49678,67
49683,66
49693,67
49698,68
49713,69
49718,68
49733,68
49748,68
49758,69
49773,69
49783,68
49793,69
49798,68
49808,67
49813,69
49818,68
49833,68
49843,69
49849,69
49854,68
49864,69
49874,68
49889,68
49894,69
49909,69
49914,68
49929,68
49939,69
49944,68
49959,68
49969,69
49974,70
49979,69
49989,68
49994,68
50009,68
50019,69
50029,70
50039,69
50044,68
50059,68
50074,68
50089,68
50099,67
50114,67
50119,68
50134,69
50139,68
50154,68
50169,68
50174,68
50179,69
50194,69
50199,67
50204,68
50209,69
50214,68
50224,67
50234,68
50244,68
50254,67
50264,68
50279,68
50294,68
50304,69
50309,68
50324,68
50329,67
50334,68
50344,67
50349,68
50364,68
50365,68
50370,67
50380,68
50395,68
50410,69
50420,68
50425,69
50430,70
50440,69
50445,68
50460,69
50470,68
50485,67
50500,68
50515,67
50530,68
50545,69
50560,69
50565,68
50580,67
50595,68
50610,68
50615,70
50620,69
50625,68
50635,67
50650,67
50651,68
50666,68
50671,67
50686,67
50691,68
50696,69
50701,70
50716,69
50726,70
50731,71
50736,70
50746,70
50761,70
50771,68
50786,69
50801,69
50806,69
50821,69
50831,70
50841,69
50846,66
50851,65
50856,64
50871,63
50876,64
50881,65
50896,66
50901,67
50906,68
50911,69
50921,67
50926,66
50941,66
50956,66
50971,66
50976,67
50981,66
50986,67
50991,68
50996,69
51001,68
51006,68
51016,69
51021,68
51036,68
51041,67
51051,68
51066,68
51081,69
51107,68
51122,69
51137,70
51142,68
51157,69
51162,68
51167,67
51182,68
51197,69
51202,70
51217,69
51232,68
51242,66
51247,65
51252,64
51257,65
51267,69
51272,71
51277,73
51292,73
51297,73
51312,73
51317,72
51322,71
51337,72
51342,73
51347,72
51352,72
51362,73
51372,72
51377,70
51382,69
51397,69
51402,72
51417,72
51422,72
51432,71
51437,70
51447,71
51452,72
51462,71
51467,69
51477,70
51492,70
51497,71
51502,72
51507,73
51512,72
51522,71
51537,71
51547,73
51553,73
51563,76
51568,77
51573,74
51578,72
51583,71
51588,70
51593,70
51598,71
51603,72
51608,71
51618,70
51623,69
51628,68
51638,67
51653,68
51658,69
51663,70
51673,70
51678,69
51683,68
51693,67
51703,69
51708,70
51723,70
51733,71
51738,70
51743,70
51758,70
51773,69
51788,69
51798,70
51813,70
51823,70
51833,71
51843,73
51848,71
51853,68
51858,66
51863,65
51878,65
51883,66
51898,66
51903,67
51918,67
51933,68
51948,68
51953,67
51968,67
51978,68
51983,69
51993,70
51998,70
52004,71
52019,77
52024,74
52029,68
52034,66
52039,63
52044,61
52054,62
52059,64
52064,66
52069,67
52074,66
52079,65
52094,64
52099,65
52109,66
52114,67
52119,68
52124,70
52129,69
52144,69
52149,68
52159,67
52164,66
52174,67
52189,67
52194,68
52200,68
52210,67
52220,66
52225,65
52230,64
52240,65
52245,66
52260,67
52265,66
52270,63
52280,62
52285,65
52290,66
52300,65
52305,64
52320,65
52325,66
52340,65
52350,68
52355,69
52365,68
52370,66
52380,65
52385,64
52395,65
52405,66
52410,66
52415,66
52425,66
52435,65
52450,66
52455,67
52470,67
52475,70
52490,72
52495,73
52510,73
52520,71
52525,70
52540,69
52555,69
52560,68
52575,68
52580,67
52595,68
52610,68
52615,69
52630,69
52635,67
52645,68
52655,68
52670,68
52680,67
52686,67
52696,68
52706,69
52711,69
52716,69
52731,70
52736,69
52741,70
52751,71
52761,69
52766,68
52781,68
52791,69
52796,68
52806,67
52811,68
52816,69
52821,68
52836,68
52841,69
52851,68
52856,67
52871,68
52876,69
52886,68
52896,69
52911,69
52916,69
52921,69
52931,71
52936,70
52941,68
52946,67
52951,66
52961,67
52966,68
52976,68
52986,67
52991,68
53006,68
53021,69
53026,68
53041,68
53107,70
53117,70
53132,69
53137,69
53142,70
53147,69
53157,70
53172,69
53182,68
53192,69
53207,69
53212,68
53227,69
53242,69
53247,69
53262,69
53272,68
53282,69
53287,70
53292,69
53307,69
53317,70
53332,70
53337,70
53347,70
53362,70
53367,69
53372,69
53387,69
53402,69
53412,69
53427,69
53442,70
53447,69
53462,69
53477,69
53492,69
53643,70
53658,70
53673,70
53688,70
53703,70
53718,69
53733,69
53748,69
53753,70
53763,69
53778,68
53793,69
53808,69
53818,69
53833,69
53848,69
53853,70
53868,70
53883,69
53893,70
53898,69
53913,69
53928,69
53943,69
53958,69
53959,69
53974,69
53989,69
54004,68
54014,69
54029,68
54044,68
54049,69
54064,69
54079,70
54089,69
54104,69
54119,69
54134,69
54149,70
54154,66
54164,65
54169,64
54184,64
54189,65
54194,66
54204,65
54219,65
54224,66
54234,67
54249,67
54259,65
54265,64
54270,63
54280,64
54285,65
54290,66
54295,68
54305,67
54320,66
54335,67
54350,68
54355,67
54365,68
54380,67
54395,66
54405,67
54420,66
54435,66
54440,67
54450,66
54455,67
54470,67
54480,66
54495,66
54500,67
54515,66
54520,67
54535,67
54540,67
54545,66
54560,66
54575,66
54580,67
54585,66
54600,66
54610,65
54625,65
54635,67
54645,66
54660,66
54670,66
54675,67
54680,66
54695,66
54700,70
54705,71
54720,71
54725,68
54730,67
54735,68
54750,68
54751,69
54756,71
54761,72
54776,70
54781,68
54786,67
54791,67
54801,66
54806,66
54811,67
54821,66
54826,65
54831,65
54836,66
54851,67
54856,68
54871,69
54881,70
54886,69
54891,68
54896,67
54901,66
54911,65
54921,66
54936,66
54941,65
54956,65
54961,65
54966,66
54981,66
54996,66
55011,66
55026,66
55031,66
55041,65
55051,66
55066,66
55081,67
55096,67
55111,67
55126,67
55141,67
55156,67
55166,68
55176,67
55191,67
55206,67
55221,67
55236,67
55246,67
55261,67
55262,68
55272,67
55287,67
55302,67
55317,67
55327,68
55337,67
55352,67
55357,68
55372,67
55387,67
55402,68
55407,67
55422,67
55437,68
55452,68
55467,68
55482,68
55497,68
55512,68
55522,67
55537,67
55552,67
55557,66
55562,67
55567,68
55573,67
55588,67
55593,68
55608,67
55623,67
55638,67
55643,66
55658,67
55668,68
55683,68
55693,67
55708,67
55718,66
55728,67
55733,66
55748,66
55753,67
55768,67
55783,67
55798,67
55803,66
55813,67
55828,67
55843,66
55848,67
55863,67
55864,66
55879,66
55894,65
55904,66
55914,65
55929,65
55939,66
55949,65
55964,65
55974,66
55984,65
55989,63
55999,64
56009,65
56019,66
56034,66
56039,67
56044,66
56054,65
56064,66
56079,66
56094,66
56109,65
56114,66
56124,67
56134,66
56139,65
56144,65
56159,65
56164,66
56179,66
56194,66
56204,68
56219,68
56224,69
56229,68
56244,68
56259,68
56274,68
56289,68
56304,67
56309,67
56324,67
56334,68
56339,69
56344,70
56359,70
56374,70
56384,71
56394,70
56409,70
56414,69
56420,69
56435,69
56440,68
56455,68
56470,68
56485,68
56495,69
56500,70
56505,69
56510,68
56520,67
56535,67
56550,67
56565,67
56575,66
56590,65
56605,65
56610,66
56615,65
56620,64
56635,64
56696,65
56701,63
56706,63
56716,64
56721,64
56726,65
56731,66
56736,67
56741,66
56746,65
56751,64
56756,64
56766,65
56771,66
56776,66
56781,67
56786,68
56791,68
56796,69
56806,70
56816,69
56831,70
56846,66
56851,66
56861,69
56871,68
56876,65
56881,65
56886,66
56891,67
56906,67
56916,69
56921,68
56926,67
56931,66
56936,65
56951,65
56966,65
56971,66
56976,66
56981,65
56986,65
56991,70
56996,70
57001,67
57006,66
57011,65
57026,65
57072,73
57077,70
57082,65
57087,64
57092,63
57102,63
57117,64
57132,65
57147,66
57152,65
57157,65
57162,66
57177,66
57187,64
57192,63
57197,63
57212,63
57217,64
57227,64
57242,64
57252,65
57267,65
57277,66
57287,65
57297,66
57302,67
57307,68
57312,68
57327,69
57337,69
57342,69
57347,69
57357,68
57362,67
57372,66
57382,67
57392,68
57397,66
57412,66
57417,66
57422,67
57427,68
57432,69
57437,70
57447,71
57457,72
57472,72
57477,84
57482,79
57487,74
57492,68
57497,67
57503,66
57518,66
57523,69
57528,68
57533,66
57538,65
57548,64
57563,64
57568,63
57573,64
57578,65
57583,66
57598,67
57603,67
57608,71
57613,72
57628,71
57643,71
57658,71
57663,70
57668,69
57673,68
57683,67
57688,66
57698,65
57708,64
57713,62
57718,62
57723,62
57728,63
57738,64
57748,65
57758,64
57773,63
57783,64
57793,65
57798,64
57803,63
57808,64
57813,64
57818,65
57828,66
57833,67
57838,67
57848,68
57853,67
57863,68
57868,69
57873,70
57878,70
57883,69
57893,70
57898,70
57913,70
57914,70
57924,71
57929,70
57934,68
57949,68
57964,68
57969,67
57984,68
57989,67
57994,66
58009,65
58024,66
58039,66
58054,66
58059,65
58074,65
58079,66
58094,66
58099,67
58104,66
58119,66
58129,67
58134,66
58149,66
58154,67
58159,66
58164,67
58169,67
58184,67
58189,67
58199,67
58214,67
58229,68
58239,67
58244,66
58254,65
58269,65
58279,66
58289,65
58294,64
58309,64
58314,65
58319,67
58324,68
58334,69
58339,70
58344,71
58349,78
58354,81
58359,78
58364,77
58379,77
58385,73
58395,69
58405,68
58410,69
58415,68
58420,70
58430,68
58435,67
58440,66
58450,65
58465,65
58470,66
58475,67
58485,69
58490,70
58505,76
58510,77
58515,74
58520,68
58525,64
58530,63
58540,64
58545,65
58560,66
58570,65
58575,65
58590,65
58595,65
58610,65
58625,65
58640,65
58655,65
58670,66
58685,66
58690,66
58705,66
58710,66
58725,66
58740,66
58883,67
58898,67
58908,67
58923,67
58933,68
58938,70
58953,70
58963,72
58968,73
58983,73
58998,74
59008,75
59013,77
59018,78
59033,78
59048,78
59053,79
59058,81
59063,81
59073,81
59088,81
59103,81
59118,81
59133,81
59143,81
59153,83
59162,86
59167,88
59172,91
59177,97
59182,98
59192,102
59197,106
59202,107
59207,108
59222,107
59227,110
59237,111
59252,111
59257,105
59262,98
59277,98
59282,99
59292,100
59297,101
59302,102
59317,102
59332,102
59347,102
59362,102
59377,103
59382,102
59388,101
59403,101
59418,101
59423,101
59428,99
59433,96
59443,98
59448,99
59453,100
59468,100
59473,96
59478,92
59483,91
59488,87
59503,85
59508,84
59513,83
59518,82
59523,80
59528,80
59533,81
59543,81
59548,80
59553,82
59568,82
59573,84
59578,85
59583,77
59588,74
59593,73
59598,72
59613,72
59618,74
59628,73
59633,72
59643,73
59648,71
59663,71
59678,71
59683,70
59693,69
59708,69
59718,70
59723,71
59733,72
59748,72
59753,74
59758,75
59773,75
59788,75
59803,75
59808,77
59818,79
59823,80
59828,81
59843,82
59858,82
59873,82
59878,82
59888,83
59893,83
59903,83
59913,83
59928,83
59943,83
59958,83
59968,83
59983,83
59993,82
59998,83
60008,83
60013,84
60018,85
60033,85
60048,85
60058,86
60068,88
60073,89
60078,88
60093,88
60098,86
60103,86
60113,85
60118,85
60128,85
60138,84
60153,84
60163,85
60178,85
60193,85
60208,85
60223,84
60228,82
60243,81
60258,81
60263,82
60278,82
60283,87
60288,88
60293,86
60308,86
60313,83
60318,82
60328,80
60333,79
60348,79
60349,79
60354,80
60369,79
60374,80
60379,81
60389,82
60399,83
60409,82
60414,79
60419,78
60429,77
60434,76
60439,75
60454,76
60469,76
60474,77
60479,78
60484,79
60489,80
60504,80
60519,80
60524,80
60529,81
60534,79
60539,78
60549,80
60554,81
60559,82
60574,82
60589,82
60594,81
60599,79
60604,77
60609,76
60614,75
60629,75
60639,76
60654,75
60659,76
60674,76
60684,75
60689,76
60694,77
60704,76
60709,75
60724,75
60729,76
60734,75
60739,74
60744,73
60749,73
60764,74
60769,74
60779,75
60784,76
60789,76
60804,76
60819,76
60829,76
60834,77
60849,78
60859,79
60869,77
60874,74
60884,75
60894,75
60904,75
60919,75
60924,75
60939,75
60954,76
60964,74
60974,75
60979,76
60984,76
60999,76
61004,77
61009,77
61024,74
61039,74
61049,74
61054,74
61059,75
61074,76
61084,76
61089,75
61094,74
61109,74
61114,75
61124,76
61134,77
61139,78
61154,78
61164,78
61169,78
61174,79
61184,78
61189,76
61194,72
61199,73
61214,73
61219,74
61224,75
61229,73
61244,74
61259,74
61274,74
61279,76
61284,76
61289,75
61299,76
61314,76
61319,76
61329,77
61334,78
61339,79
61349,77
61354,77
61364,77
61374,76
61389,76
61394,75
61409,75
61424,75
61429,76
61444,76
61459,75
61464,77
61469,79
61474,80
61479,79
61484,75
61489,73
61504,73
61505,72
61510,70
61525,70
61540,70
61545,70
61555,71
61560,72
61565,73
61570,74
61580,73
61585,72
61600,73
61610,73
61615,74
61630,75
61635,74
61640,74
61655,74
61660,75
61670,73
61680,72
61695,73
61700,74
61715,74
61720,75
61725,75
61735,74
61740,73
61755,73
61765,74
61770,76
61785,75
61790,72
61805,72
61820,72
61830,71
61840,72
61850,73
61855,74
61860,75
61875,75
61885,74
61900,74
61915,75
61930,74
61935,74
61940,75
61945,75
61960,75
61975,76
61980,78
61985,79
62000,79
62005,79
62015,79
62025,78
62030,79
62040,80
62045,81
62050,81
62055,79
62060,74
62065,74
62080,74
62085,75
62090,76
62095,75
62100,77
62105,78
62110,80
62115,81
62130,81
62135,80
62140,78
62145,77
62150,76
62160,75
62170,74
62180,73
62185,72
62190,72
62205,72
62215,73
62220,71
62225,72
62230,71
62235,70
62245,71
62255,72
62265,73
62270,75
62275,76
62280,72
62285,70
62290,69
62295,68
62305,67
62315,68
62320,67
62330,69
62340,69
62345,68
62360,68
62370,69
62375,70
62380,71
62390,72
62396,72
62401,71
62416,68
62421,69
62431,69
62436,69
62441,70
62446,71
62451,70
62456,70
62466,71
62481,71
62486,71
62491,70
62496,71
62501,70
62511,71
62526,72
62536,71
62551,72
62556,72
62561,72
62576,72
62586,72
62591,72
62601,71
62606,71
62611,70
62626,70
62641,70
62656,71
62661,73
62666,73
62681,72
62696,71
62711,71
62726,71
62741,71
62751,70
62766,70
62771,69
62786,69
62791,68
62801,68
62806,70
62811,72
62821,72
62826,71
62831,72
62846,74
62851,73
62856,71
62861,71
62866,71
62881,72
62896,72
62906,72
62921,72
62931,72
62946,72
62961,73
62976,74
62981,76
62991,78
62996,80
63001,81
63006,81
63011,77
63016,75
63021,73
63026,70
63031,69
63036,68
63046,69
63051,70
63066,65
63081,65
63086,66
63091,67
63096,68
63101,71
63106,71
63111,71
63126,71
63141,71
63146,70
63151,69
63156,68
63171,69
63176,71
63181,72
63191,72
63196,72
63211,72
63226,72
63236,71
63251,71
63256,72
63271,72
63281,71
63296,71
63311,71
63321,72
63326,72
63336,72
63341,71
63356,71
63357,72
63367,73
63372,74
63387,75
63402,75
63412,76
63427,76
63442,76
63447,77
63452,78
63462,77
63467,78
63482,78
63497,79
63502,80
63512,81
63517,81
63532,81
63547,81
63552,82
63557,83
63572,83
63587,83
63592,83
63607,83
63617,84
63627,84
63632,85
63637,86
63642,94
63647,95
63662,95
63672,96
63687,96
63697,96
63702,98
63712,99
63717,98
63732,96
63737,94
63742,88
63747,78
63762,78
63772,79
63787,79
63797,79
63812,79
63827,79
63837,82
63852,82
63867,83
63872,83
63877,84
63887,84
63897,85
63907,86
63912,87
63917,86
63922,85
63937,85
63942,86
63947,89
63952,90
63957,90
63972,89
63987,89
63997,90
64002,91
64012,90
64022,88
64037,88
64042,89
64057,89
64062,88
64077,89
64087,90
64102,90
64107,91
64112,90
64117,89
64132,89
64147,90
64162,90
64172,91
64187,92
64192,93
64197,93
64212,93
64217,94
64232,94
64247,92
64252,91
64262,91
64267,90
64272,89
64282,91
64287,92
64292,94
64297,94
64302,93
64307,94
64312,100
64317,102
64327,103
64332,103
64337,104
64342,98
64347,94
64352,91
64367,90
64382,90
64397,89
64412,90
64427,90
64442,90
64447,90
64462,90
64477,90
64482,94
64487,93
64492,91
64497,90
64507,90
64512,91
64522,91
64537,91
64543,92
64548,91
64563,91
64578,91
64588,91
64593,93
64598,89
64603,85
64618,85
64633,85
64638,86
64648,87
64653,88
64658,89
64663,91
64668,97
64673,97
64688,97
64703,97
64708,106
64713,110
64723,111
64738,111
64753,111
64763,112
64773,115
64788,115
64793,116
64798,117
64803,118
64818,118
64823,121
64828,123
64833,122
64838,120
64843,118
64848,119
64858,121
64868,123
64878,122
64883,120
64898,120
64913,120
64923,118
64933,117
64938,115
64943,111
64948,109
64953,109
64958,110
64968,111
64983,111
64988,112
64993,113
65008,116
65023,115
65028,116
65038,117
65043,116
65048,116
65053,117
65068,117
65073,114
65078,110
65088,111
65093,113
65098,114
65103,113
65113,111
65118,109
65123,107
65128,103
65133,99
65138,96
65143,86
65148,77
65158,76
65163,75
65168,74
65183,75
65188,74
65193,73
65198,75
65213,75
65223,76
65233,77
65238,78
65248,80
65253,81
65258,82
65263,81
65278,81
65283,90
65288,79
65293,76
65308,76
65318,77
65328,76
65333,77
65343,76
65348,75
65363,76
65368,76
65383,75
65398,75
65403,75
65418,75
65428,76
65433,77
65448,77
65453,75
65468,75
65483,74
65498,74
65508,75
65523,75
65538,75
65614,72
65629,72
65644,72
65649,73
65664,73
65679,73
65694,73
65699,74
65704,75
65709,76
65724,76
65734,77
65739,78
65749,77
65754,76
65759,75
65769,75
65784,75
65799,76
65809,77
65819,76
65829,77
65834,76
65849,76
65864,76
65879,76
65889,78
65894,78
65904,79
65909,82
65914,82
65919,81
65924,78
65929,77
65944,77
65959,77
65964,79
65974,79
65984,78
65989,76
65994,76
65999,77
66004,76
66009,76
66024,77
66029,78
66034,77
66039,77
66044,77
66059,77
66069,77
66079,78
66084,79
66099,79
66104,79
66109,78
66124,78
66134,78
66149,77
66154,77
66159,78
66164,79
66174,79
66184,76
66189,73
66199,71
66204,70
66209,69
66224,69
66229,70
66234,71
66249,71
66254,72
66259,72
66264,74
66269,73
66274,73
66279,73
66294,74
66299,76
66304,76
66309,76
66314,77
66319,78
66324,77
66329,77
66334,76
66349,76
66364,76
66369,75
66374,74
66384,73
66389,70
66394,69
66404,70
66414,69
66419,70
66429,70
66444,70
66459,70
66469,71
66474,72
66479,73
66494,73
66499,72
66514,72
66519,73
66524,80
66530,88
66535,86
66540,85
66550,84
66560,84
66570,85
66575,85
66590,84
66595,83
66600,84
66605,83
66610,82
66625,83
66630,84
66635,82
66650,83
66659,83
66674,84
66684,83
66699,83
66704,84
66719,84
66729,85
66734,86
66739,87
66749,86
66754,86
66759,84
66764,85
66769,84
66774,85
66789,85
66799,84
66809,85
66814,86
66829,86
66844,86
66849,87
66854,88
66864,88
66869,87
66874,85
66879,83
66884,83
66894,82
66904,84
66914,83
66924,82
66929,80
66944,80
66949,80
66954,81
66959,83
66964,82
66969,83
66974,84
66979,85
66984,85
66994,86
66999,87
67009,86
67019,87
67024,88
67029,90
67034,89
67049,89
67064,89
67069,88
67084,88
67085,88
67090,90
67100,89
67115,89
67130,88
67145,89
67150,88
67155,89
67160,90
67170,89
67175,88
67180,85
67185,81
67200,80
67215,80
67220,82
67225,83
67230,84
67240,86
67245,87
67255,86
67260,84
67265,85
67270,87
67275,90
67280,92
67285,92
67290,92
67305,92
67310,91
67315,89
67330,90
67335,98
67340,101
67350,103
67355,104
67370,104
67375,106
67380,107
67390,109
67400,110
67405,113
67410,112
67415,111
67420,110
67425,109
67435,107
67440,106
67445,104
67450,105
67465,104
67470,101
67480,103
67485,98
67490,99
67495,99
67500,98
67505,99
67510,101
67520,103
67525,104
67530,105
67535,103
67540,99
67545,95
67560,98
67565,100
67570,102
67575,105
67585,107
67590,110
67595,112
67600,111
67605,115
67610,113
67615,110
67620,108
67625,107
67630,108
67635,110
67640,110
67645,109
67650,111
67655,114
67665,117
67670,123
67675,124
67680,123
67685,121
67690,120
67695,118
67700,113
67705,112
67715,113
67720,114
67725,116
67730,119
67735,121
67740,122
67745,124
67755,121
67765,119
67775,117
67785,116
67790,109
67795,107
67800,105
67805,100
67810,97
67815,97
67820,93
67825,91
67830,90
67835,89
67840,89
67845,90
67850,97
67855,99
67860,102
67870,100
67875,99
67880,98
67885,97
67895,95
67900,94
67910,93
67915,91
67925,90
67940,90
67950,90
67960,91
67970,92
67980,91
67986,90
67996,89
68006,88
68021,88
68026,89
68036,90
68041,90
68046,89
68061,90
68066,91
68071,91
68076,94
68081,98
68086,99
68091,100
68096,101
68101,102
68106,104
68111,104
68126,104
68131,105
68136,106
68141,104
68146,106
68151,107
68156,109
68161,110
68166,109
68171,108
68176,107
68186,111
68191,114
68196,115
68206,116
68211,119
68216,122
68221,121
68226,122
68241,126
68251,127
68256,124
68266,127
68271,132
68281,130
68286,131
68291,129
68296,132
68301,134
68306,132
68311,129
68316,130
68321,130
68326,131
68331,130
68336,129
68341,126
68346,124
68351,122
68356,125
68361,133
68366,137
68371,136
68376,135
68386,133
68391,131
68506,70
68547,70
68562,70
68577,70
68582,74
68597,79
68612,79
68627,79
68632,81
68637,84
68652,84
68657,86
68667,87
68672,88
68677,88
68692,88
68702,88
68707,89
68717,98
68722,106
68727,110
68732,111
68737,113
68747,109
68752,107
68762,106
68767,105
68777,106
68782,101
68787,100
68792,99
68797,100
68802,98
68807,94
68812,97
68817,99
68827,100
68832,103
68837,104
68842,106
68847,108
68852,109
68862,107
68872,109
68877,110
68882,113
68897,110
68902,109
68917,109
68922,111
68937,111
68943,110
68948,108
68953,106
68958,105
68963,104
68968,99
68973,100
68988,100
68993,101
68998,103
69003,104
69013,107
69028,107
69043,107
69048,106
69053,104
69058,102
69063,98
69068,96
69073,98
69088,100
69103,100
69118,100
69133,100
69148,100
69153,99
69158,99
69168,98
69178,101
69183,104
69188,102
69193,98
69198,97
69208,98
69213,100
69218,99
69233,100
69238,102
69248,99
69253,97
69258,100
69263,99
69268,97
69273,95
69278,96
69283,93
69288,90
69293,88
69308,88
69323,89
69338,81
69343,79
69358,81
69363,81
69368,80
69373,77
69383,78
69393,80
69398,79
69413,80
69418,81
69428,82
69438,81
69443,80
69453,79
69458,78
69468,79
69483,79
69498,79
69628,80
69638,79
69643,77
69648,76
69653,75
69668,75
69673,75
69688,75
69698,76
69703,77
69718,77
69733,77
69738,78
69748,79
69763,79
69773,78
69788,78
69793,77
69808,77
69818,78
69833,78
69848,78
69853,79
69858,80
69868,79
69873,80
69879,80
69894,81
69904,82
69909,83
69924,83
69939,84
69949,82
69959,83
69964,84
69969,85
69979,86
69989,87
70004,87
70009,83
70014,80
70024,79
70029,77
70044,78
70054,78
70069,78
70074,79
70079,80
70089,80
70104,80
70109,79
70114,78
70119,77
70124,76
70139,76
70144,81
70149,84
70159,83
70174,82
70179,83
70184,81
70189,79
70194,77
70199,76
70209,75
70219,76
70224,77
70234,77
70244,78
70254,77
70264,79
70269,81
70274,83
70279,82
70284,81
70289,80
70294,81
70299,83
70304,84
70309,83
70319,82
70324,81
70334,80
70339,79
70349,79
70354,78
70359,78
70364,78
70369,76
70379,75
70394,75
70404,76
70409,77
70414,78
70429,79
70434,79
70444,78
70454,79
70459,79
70469,78
70479,79
70484,80
70499,80
70514,80
70524,79
70529,78
70537,78
70547,79
70562,79
70577,78
70587,80
70592,79
70602,78
70617,78
70622,80
70627,81
70632,82
70637,82
70642,84
70647,87
70652,93
70657,100
70662,101
70667,102
70672,104
70687,104
70692,107
70697,109
70707,107
70712,105
70718,96
70723,86
70738,85
70743,84
70758,83
70763,82
70773,85
70778,86
70788,87
70793,85
70808,87
70823,94
70828,98
70833,83
70843,87
70848,86
70853,85
70858,84
70873,83
70883,83
70888,84
70893,84
70908,84
70913,82
70918,82
70923,80
70938,80
70943,81
70958,81
70968,80
70983,82
70988,83
70993,81
70998,80
71003,79
71013,78
71018,78
71028,79
71043,78
71048,79
71058,80
71063,82
71068,81
71083,81
71088,80
71098,80
71103,81
71108,80
71123,80
71133,81
71143,81
71158,83
71163,83
71168,82
71183,82
71198,83
71203,84
71213,83
71218,82
71223,81
71228,80
71233,78
71243,77
71258,77
71268,78
71273,79
71283,82
71288,83
71303,83
71308,81
71313,79
71328,79
71343,80
71348,79
71353,79
71358,78
71373,78
71378,77
71383,78
71388,78
71403,78
71413,79
71423,78
71428,77
71438,78
71453,78
71458,78
71468,79
71473,80
71478,81
71488,79
71493,79
71508,79
71513,83
71523,81
71528,80
71533,81
71543,80
71548,81
71558,82
71573,82
71583,81
71588,79
71593,78
71600,78
71615,78
71620,79
71625,80
71635,81
71645,80
71655,79
71670,79
71685,80
71690,81
71695,82
71700,82
71705,84
71720,84
71725,83
71730,82
71735,81
71750,81
71765,82
71775,81
71780,77
71795,78
71810,78
71815,80
71830,82
71835,83
71840,87
71845,97
71850,104
71855,105
71860,100
71865,99
71880,98
71885,97
71890,87
71895,85
71910,85
71915,86
71920,83
71930,82
71940,81
71955,81
71965,80
71970,79
71980,80
71990,82
71995,83
72000,84
72015,84
72030,84
72045,83
72050,82
72055,82
72060,82
72065,81
72075,83
72085,83
72090,84
72100,86
72105,87
72110,86
72115,85
72120,80
72125,78
72140,78
72155,77
72170,77
72175,78
72190,77
72200,78
72215,78
72230,77
72235,77
72250,77
72260,78
72270,79
72280,79
72295,79
72300,80
72305,81
72310,82
72320,83
72330,83
72345,83
72360,84
72365,83
72370,83
72385,85
72395,81
72405,80
72410,79
72420,80
72435,78
72440,76
72445,74
72450,73
72455,74
72465,74
72475,75
72480,76
72490,75
72495,74
72505,74
72510,75
72520,76
72530,77
72545,77
72550,77
72555,78
72560,78
72570,79
72575,78
72585,78
72590,77
72595,78
72610,78
72625,78
72640,78
72645,79
72655,79
72670,79
72685,80
72690,79
72695,80
72705,79
72720,79
72725,80
72730,79
72745,78
72750,75
72760,76
72765,78
72770,79
72785,79
72786,80
72791,83
72806,83
72821,83
72831,83
72841,84
72846,83
72861,83
72876,84
72881,83
72886,84
72891,85
72901,86
72911,87
72916,88
72921,89
72936,87
72951,84
72956,83
72961,80
72966,79
72971,78
72986,78
73001,78
73011,77
73026,77
73031,77
73046,77
73061,77
73066,78
73071,80
73081,80
73086,81
73091,81
73096,82
73106,82
73121,83
73131,83
73136,82
73141,81
73146,78
73151,77
73156,76
73161,74
73166,72
73181,72
73191,73
73196,74
73201,76
73206,79
73211,80
73216,81
73226,80
73231,80
73246,80
73261,80
73266,79
73281,79
73291,78
73306,79
73311,78
73326,78
73341,79
73346,78
73361,77
73366,76
73381,76
73386,77
73391,78
73396,79
73411,78
73426,78
73431,78
73436,77
73451,77
73466,77
73476,79
73491,79
73506,79
73516,80
73521,80
73536,80
73541,79
73546,80
73561,80
73566,79
73581,79
73596,80
73601,81
73606,82
73611,81
73621,82
73626,81
73641,82
73651,83
73666,83
73671,84
73681,86
73686,88
73701,88
73706,87
73711,88
73721,88
73726,88
73731,88
73746,88
73756,85
73762,84
73777,84
73787,83
73792,84
73797,86
73812,87
73827,87
73842,86
73857,86
73862,85
73877,86
73882,85
73887,86
73897,85
73912,85
73927,85
73937,86
73952,87
73957,87
73972,87
73982,88
73987,85
74002,85
74012,84
74027,84
74042,85
74057,85
74062,85
74077,85
74087,85
74092,85
74097,85
74107,85
74112,86
74117,88
74122,89
74132,89
74142,88
74147,92
74152,94
74157,92
74162,91
74167,89
74177,90
74182,99
74187,101
74202,101
74217,100
74227,98
74232,93
74237,79
74252,80
74257,81
74262,83
74267,84
74272,83
74287,82
74297,83
74312,83
74327,83
74337,84
74347,83
74357,82
74372,82
74382,81
74387,80
74392,80
74402,79
74407,78
74412,77
74417,78
74432,78
74437,77
74447,76
74457,75
74462,77
74467,79
74472,79
74487,79
74492,79
74497,78
74507,79
74512,80
74517,81
74532,81
74542,82
74557,80
74572,80
74577,78
74587,79
74602,79
74617,78
74713,79
74728,79
74743,79
74753,79
74763,80
74778,80
74788,79
74793,78
74808,79
74823,80
74828,81
74833,81
74843,80
74858,81
74873,80
74888,80
74898,79
74913,79
74918,81
74933,81
74948,81
74963,81
74968,82
74973,82
74988,82
74998,82
75013,82
75017,82
75032,82
75037,82
75052,82
75067,82
75077,82
75092,82
75107,82
75122,82
75127,82
75142,82
75157,82
75167,82
75182,82
75197,82
75207,82
75212,83
75217,82
75222,81
75227,80
75232,79
75237,78
75247,77
75252,78
75267,78
75268,78
75273,77
75283,78
75298,78
75313,78
75318,79
75328,80
75333,79
75338,79
75353,80
75358,80
75373,79
75388,76
75403,76
75413,77
75418,76
75423,75
75428,76
75433,77
75438,78
75448,79
75453,80
75458,81
75473,82
75478,82
75493,83
75508,83
75513,83
75523,83
75533,83
75548,83
75553,83
75563,83
75568,83
75573,84
75583,83
75598,83
75613,83
75628,82
75633,81
75648,81
75658,79
75673,79
75678,79
75688,80
75703,80
75718,80
75728,81
75738,78
75743,77
75758,77
75773,79
75778,80
75788,81
75793,82
75798,80
75803,80
75808,82
75813,80
75823,79
75828,79
75838,80
75853,80
75868,80
75878,81
75893,81
75908,81
75918,81
75923,81
75933,80
75948,80
75958,88
75963,90
75968,96
75973,101
75978,91
75983,79
75988,78
75994,78
76009,78
76014,84
76019,91
76024,86
76029,85
76034,87
76039,85
76044,82
76049,78
76054,78
76069,78
76079,79
76084,80
76089,81
76094,80
76109,80
76114,81
76119,80
76134,79
76149,79
76164,79
76169,80
76184,81
76194,79
76199,78
76204,77
76209,77
76214,78
76219,79
76224,80
76239,81
76254,82
76269,83
76274,83
76279,83
76294,83
76309,84
76324,84
76339,84
76354,84
76369,84
76374,83
76379,81
76384,81
76389,80
76404,80
76419,80
76434,80
76444,79
76449,79
76459,78
76464,79
76474,79
76480,80
76485,78
76495,79
76505,78
76520,78
76525,77
76535,78
76540,79
76555,80
76565,79
76575,80
76585,80
76590,81
76595,80
76605,79
76610,79
76620,79
76630,79
76645,80
76650,79
76665,78
76675,79
76685,78
76700,79
76705,78
76720,79
76735,79
76740,80
76745,81
76750,80
76755,81
76770,81
76775,81
76790,81
76805,80
76810,79
76825,79
76840,79
76845,78
76850,76
76855,77
76860,80
76865,83
76870,85
76875,84
76890,83
76900,82
76910,81
76925,81
76930,80
76940,79
76945,77
76950,76
76960,77
76965,78
76980,78
76990,78
77005,78
77015,78
77020,78
77030,79
77035,80
77040,78
77045,77
77060,77
77075,77
77080,77
77085,78
77090,78
77105,78
77120,78
77125,78
77130,78
77145,78
77150,78
77155,78
77160,81
77175,81
77180,82
77185,83
77195,82
77200,83
77215,83
77220,81
77235,80
77240,79
77245,79
77250,80
77255,81
77270,80
77275,79
77280,80
77285,80
77300,80
77315,80
77330,79
77335,78
77350,79
77365,79
77370,82
77375,84
77385,82
77390,81
77395,82
77400,81
77410,80
77425,80
77431,81
77436,80
77441,81
77446,82
77461,82
77466,81
77481,80
77486,81
77491,81
77506,81
77511,80
77521,79
77526,77
77536,76
77541,74
77546,73
77561,73
77566,74
77571,74
77576,75
77581,76
77596,77
77601,78
77616,78
77631,78
77641,79
77651,79
77656,79
77666,79
77681,80
77696,80
77706,79
77721,79
77736,79
77751,79
77766,79
77781,79
77786,79
77801,79
77816,79
77821,78
77831,77
77846,76
77856,77
77861,78
77866,78
77881,78
77896,78
77901,79
77906,80
77911,80
77916,81
77921,80
77926,79
77931,79
77936,78
77941,77
77956,77
77971,77
77986,78
77996,78
78011,78
78026,81
78031,81
78041,81
78056,82
78071,82
78076,81
78081,79
78086,77
78091,74
78096,75
78101,74
78116,74
78131,75
78136,76
78146,75
78156,75
78166,74
78171,72
78176,72
78181,73
78196,73
78201,75
78216,75
78231,75
78241,78
78246,79
78251,80
78256,81
78261,79
78266,78
78271,77
78276,76
78291,76
78296,75
78311,75
78321,74
78331,76
78346,76
78351,76
78361,78
78366,79
78371,78
78381,79
78391,78
78406,78
78421,78
78422,79
78427,78
78442,77
78447,76
78452,77
78457,76
78462,77
78477,77
78487,78
78492,77
78507,77
78522,77
78537,77
78542,77
78557,78
78567,78
78582,78
78587,79
78592,90
78602,92
78607,93
78622,93
78637,93
78652,93
78667,93
78682,93
78687,93
78692,93
78697,93
78712,93
78727,93
78742,93
78757,93
78762,92
78777,92
78787,92
78802,92
78812,93
78817,96
78822,98
78827,100
78832,102
78837,103
78847,104
78852,105
78867,105
78882,105
78897,105
78907,104
78912,102
78922,104
78937,104
78947,107
78952,109
78962,110
78967,109
78972,107
78977,108
78982,109
78992,112
78997,113
79002,112
79007,111
79012,110
79022,108
79037,108
79052,106
79057,102
79062,97
79077,94
79087,97
79092,99
79097,100
79102,101
79107,103
79112,88
79117,81
79122,82
79137,83
79142,83
79157,83
79167,91
79172,101
79177,103
79182,105
79192,107
79197,108
79207,107
79212,106
79227,106
79237,104
79247,103
79262,103
79272,102
79277,100
79282,99
79297,100
79312,100
79317,101
79332,101
79347,101
79362,101
79377,101
79382,103
79387,104
79397,103
79412,103
79417,104
79422,105
79437,105
79442,101
79447,99
79452,99
79457,99
79467,101
79482,101
79487,102
79492,102
79507,102
79512,102
79517,98
79522,100
79527,87
79532,79
79537,78
79542,80
79557,80
79562,79
79572,78
79578,78
79593,78
79598,80
79603,81
79608,63
79613,64
79623,65
79628,67
79633,68
79638,68
79643,70
79648,72
79653,74
79668,74
79673,74
79678,80
79683,86
79688,86
79703,86
79718,87
79733,87
79743,87
79748,88
79753,87
79758,78
79763,75
79773,76
79788,76
79798,75
79803,73
79813,74
79818,74
79823,75
79833,74
79838,75
79843,76
79848,77
79858,78
79873,77
79878,76
79883,75
79888,76
79893,77
79898,77
79913,77
79928,78
79933,77
79943,78
79948,77
79953,77
79963,77
79968,77
79983,77
79988,77
80003,77
80008,76
80018,76
80033,77
80043,74
80048,74
80063,74
80078,74
80093,74
80098,75
80113,75
80123,75
80128,74
80133,73
80148,73
80163,72
80168,71
80173,70
80183,71
80188,72
80203,73
80208,74
80218,76
80223,77
80228,78
80243,79
80258,77
80268,78
80273,76
80278,76
80293,76
80298,76
80303,77
80308,76
80313,77
80323,78
80333,77
80348,78
80353,78
80368,79
80383,78
80398,78
80413,78
80418,78
80423,77
80433,78
80448,78
80453,77
80458,76
80463,76
80468,77
80474,76
80489,75
80494,74
80504,73
80509,74
80514,76
80519,77
80534,77
80549,77
80564,78
80579,78
80594,78
80599,77
80604,78
80609,77
80614,76
80629,76
80634,78
80644,77
80654,77
80659,78
80664,77
80674,76
80689,76
80694,77
80709,77
80724,77
80729,77
80734,79
80749,79
80764,79
80779,78
80784,77
80789,76
80794,76
80809,77
80824,77
80829,78
80834,77
80844,76
80859,76
80864,77
80879,77
80894,77
80904,75
80909,75
80914,74
80924,75
80939,75
80949,77
80954,79
80959,78
80964,77
80979,77
80984,77
80994,78
81009,78
81014,77
81019,76
81024,77
81034,77
81039,76
81054,76
81064,77
81079,77
81089,75
81099,75
81114,75
81119,76
81129,77
81134,78
81139,77
81144,76
81149,75
81154,76
81169,76
81174,77
81179,77
81184,78
81189,79
81199,77
81204,76
81209,74
81214,74
81229,74
81234,73
81239,74
81249,76
81254,77
81264,78
81274,79
81284,78
81289,76
81299,75
81314,75
81324,76
81329,75
81334,74
81339,73
81344,74
81359,74
81374,76
81379,77
81394,77
81409,77
81414,77
81419,77
81424,76
81429,76
81439,76
81454,76
81464,77
81474,76
81484,77
81489,78
81499,79
81514,79
81519,81
81534,81
81549,81
81564,81
81569,80
81584,80
81599,79
81614,78
81619,79
81629,78
81634,77
81639,76
81649,77
81664,77
81665,77
81670,78
81680,78
81695,77
81700,75
81705,74
81710,74
81725,74
81735,75
81750,75
81765,75
81780,75
81785,74
81790,73
81795,73
81805,74
81810,74
81820,75
81825,76
81835,76
81840,75
81850,75
81865,75
81880,75
81912,70
81927,71
81932,75
81937,76
81952,77
81957,78
81962,78
81977,78
81982,79
81992,80
81997,80
82002,79
82007,79
82012,79
82017,77
82032,76
82047,76
82062,76
82067,73
82072,72
82077,73
82092,73
82097,74
82107,75
82122,76
82137,76
82142,77
82147,76
82152,75
82167,76
82182,76
82197,75
82202,75
82207,74
82212,74
82227,75
82232,75
82247,76
82262,76
82272,75
82287,75
82292,76
82307,75
82322,75
82337,75
82342,76
82352,77
82362,76
82367,75
82372,75
82382,76
82392,77
82407,78
82412,79
82417,80
82427,79
82432,78
82437,77
82442,77
82447,77
82462,77
82477,77
82492,77
82507,77
82517,76
82522,77
82537,77
82547,77
82552,76
82557,76
82572,76
82587,76
82597,77
82612,77
82617,76
82622,74
82627,74
82632,75
82647,75
82653,77
82668,77
82683,77
82693,78
82703,79
82718,79
82728,79
82738,79
82748,80
82753,80
82768,80
82783,80
82798,80
82813,80
82818,81
82823,82
82833,78
82838,77
82843,78
82858,81
82863,82
82868,84
82873,85
82878,85
82883,85
82893,84
82903,85
82908,84
82923,84
82938,84
82953,84
82968,84
82973,85
82978,83
82993,83
83003,84
83008,85
83023,85
83028,84
83033,82
83038,83
83048,82
83053,81
83068,82
83073,81
83083,82
83098,82
83108,83
83113,83
83128,83
83143,84
83148,82
83153,81
83158,80
83163,80
83178,82
83183,90
83188,94
83193,97
83203,98
83213,99
83218,105
83223,89
83228,87
83243,87
83253,86
83258,82
83263,77
83278,76
83293,76
83308,76
83313,75
83328,75
83343,75
83353,76
83358,78
83363,79
83368,78
83373,77
83378,76
83383,72
83393,72
83408,72
83423,72
83428,72
83443,72
83453,72
83458,74
83473,74
83488,74
83503,75
83508,76
83523,76
83538,76
83548,80
83553,82
83558,79
83563,80
83568,79
83573,78
83588,78
83603,79
83618,79
83623,79
83629,79
83634,79
83639,78
83649,77
83654,76
83659,75
83674,75
83679,76
83684,78
83694,77
83709,77
83714,77
83729,77
83739,77
83754,77
83769,77
83779,79
83794,78
83804,79
83809,78
83814,77
83824,78
83839,78
83849,79
83854,78
83859,77
83874,77
83879,77
83889,77
83904,77
83914,79
83919,80
83924,81
83929,77
83934,74
83939,73
83949,72
83964,72
83969,73
83974,72
83979,71
83994,72
83999,74
84004,75
84009,74
84014,73
84029,73
84039,74
84049,75
84054,75
84069,76
84074,77
84079,78
84084,79
84089,79
84094,81
84099,82
84114,82
84119,81
84129,76
84134,75
84144,76
84159,76
84174,76
84179,75
84189,76
84204,76
84209,76
84219,76
84234,77
84249,76
84254,74
84259,72
84274,72
84284,73
84289,72
84294,70
84299,71
84304,72
84309,73
84324,74
84329,73
84339,71
84344,70
84354,73
84359,75
84364,75
84379,75
84394,76
84399,75
84414,75
84429,76
84444,76
84459,76
84469,76
84484,77
84489,78
84504,79
84509,78
84524,77
84529,76
84534,77
84539,76
84554,77
84564,78
84574,77
84589,77
84604,77
84605,77
84615,76
84620,76
84635,76
84640,75
84645,73
84650,72
84655,73
84670,74
84680,75
84695,75
84710,75
84715,76
84725,75
84730,74
84745,74
84750,73
84755,74
84770,75
84775,75
84785,76
84800,78
84805,79
84810,80
84815,81
84820,82
84830,81
84835,81
84840,80
84845,79
84850,80
84855,78
84860,77
84875,78
84890,78
84895,78
84905,79
84910,75
84920,76
84935,76
84950,76
84965,76
84970,77
84985,76
84995,76
85000,75
85015,76
85020,75
85025,70
85035,72
85040,74
85045,74
85050,72
85065,73
85070,73
85075,74
85080,74
85085,74
85090,75
85095,75
85100,77
85105,78
85110,79
85115,77
85120,76
85135,76
85150,75
85160,76
85175,75
85185,76
85200,76
85215,78
85220,76
85225,73
85235,73
85240,74
85245,75
85260,75
85275,75
85285,74
85300,75
85305,75
85310,76
85315,77
85320,78
85335,78
85340,78
85355,78
85370,79
85375,80
85385,82
85390,84
85395,83
85400,82
85410,81
85425,81
85440,81
85455,83
85465,82
85470,82
85485,82
85500,80
85505,78
85520,78
85525,79
85530,79
85540,80
85555,79
85560,79
85575,79
85580,80
85590,80
85595,80
85600,80
85610,81
85625,81
85640,81
85655,81
85665,81
85680,81
85695,81
85705,80
85720,80
85725,79
85740,79
85755,79
85770,79
85775,83
85780,85
85790,86
85800,87
85805,87
85811,87
85826,87
85831,86
85846,86
85856,85
85861,76
85866,73
85881,73
85896,73
85906,72
85911,73
85916,74
85921,75
85931,78
85936,80
85941,79
85951,80
85956,76
85961,74
85966,73
85976,74
85986,74
86001,75
86006,76
86021,76
86026,76
86031,77
86041,78
86051,78
86056,78
86071,78
86086,78
86091,78
86096,77
86111,78
86121,78
86131,77
86146,77
86156,77
86171,77
86176,76
86191,76
86196,77
86211,77
86221,77
86226,78
86241,79
86246,78
86256,79
86261,80
86266,79
86271,78
86276,77
86291,77
86306,77
86311,78
86316,78
86326,81
86331,82
86336,78
86341,73
86346,71
86351,72
86356,73
86371,74
86376,75
86381,75
86386,75
86396,74
