Start Time,End Time,Type,Points,Service
2019-01-13-01:51:53,2019-01-13-02:05:55,driving,"(34.110065, -118.26903),(34.110065, -118.26776),(34.10986, -118.263535),(34.109573, -118.261444),(34.1093, -118.26053),(34.109016, -118.26019),(34.108753, -118.26006),(34.10851, -118.25994),(34.108196, -118.25962),(34.107975, -118.2593),(34.107742, -118.258896),(34.10751, -118.25844),(34.107193, -118.25784),(34.106857, -118.257286),(34.106373, -118.25679),(34.106136, -118.25661),(34.10647, -118.256134),(34.10717, -118.25516),(34.107704, -118.254486),(34.108185, -118.25391),(34.10858, -118.25344),(34.108883, -118.2531),(34.109364, -118.25239),(34.109455, -118.25178),(34.109447, -118.25127),(34.109417, -118.25071),(34.109375, -118.25013),(34.109333, -118.24954),(34.109524, -118.24854),(34.109894, -118.24827),(34.110294, -118.248024),(34.110687, -118.24776),(34.11107, -118.24742),(34.11144, -118.247),(34.11178, -118.2465),(34.112125, -118.24595),(34.112488, -118.24534),(34.11287, -118.244705),(34.11326, -118.244064),(34.113655, -118.243416),(34.114033, -118.24278),(34.11438, -118.24215),(34.114697, -118.2415),(34.114994, -118.240814),(34.11528, -118.24011),(34.115574, -118.23943),(34.115887, -118.238785),(34.11625, -118.238075),(34.116604, -118.23732),(34.11695, -118.236565),(34.117283, -118.23589),(34.11761, -118.23526),(34.117943, -118.23463),(34.118282, -118.233955),(34.118637, -118.23327),(34.119003, -118.2326),(34.119358, -118.23194),(34.119743, -118.23132),(34.120174, -118.23072),(34.12065, -118.23017),(34.121178, -118.229675),(34.121758, -118.22922),(34.122375, -118.22883),(34.123047, -118.228485),(34.123764, -118.22822),(34.12452, -118.228035),(34.12529, -118.22796),(34.126057, -118.227974),(34.12682, -118.22808),(34.127556, -118.22825),(34.128277, -118.228424),(34.128983, -118.2286),(34.12969, -118.22875),(34.130386, -118.2289),(34.131084, -118.229034),(34.1318, -118.229164),(34.13253, -118.229294),(34.133278, -118.22941),(34.134045, -118.22948),(34.134804, -118.22948),(34.135555, -118.2294),(34.13631, -118.229256),(34.13708, -118.229034),(34.13785, -118.22878),(34.138634, -118.22852),(34.13942, -118.228264),(34.1402, -118.228004),(34.140972, -118.227745),(34.14173, -118.22748),(34.14247, -118.227196),(34.143185, -118.22691),(34.143852, -118.22662),(34.144444, -118.22633),(34.144928, -118.225975),(34.14528, -118.22547),(34.145462, -118.22483),(34.14547, -118.22411),(34.145374, -118.22338),(34.145256, -118.22262),(34.145145, -118.22183),(34.145058, -118.22101),(34.14499, -118.220146),(34.144928, -118.21929),(34.144875, -118.21845),(34.144844, -118.21759),(34.144825, -118.216705),(34.144817, -118.21582),(34.14484, -118.214935),(34.14485, -118.21405),(34.14489, -118.213165),(34.14493, -118.2123),(34.14496, -118.211464),(34.144974, -118.21065),(34.14502, -118.209816),(34.145065, -118.209),(34.145134, -118.20819),(34.145256, -118.20738),(34.14542, -118.2066),(34.14564, -118.20582),(34.1459, -118.20505),(34.146187, -118.20431),(34.146507, -118.20356),(34.14683, -118.20281),(34.14716, -118.202065),(34.147476, -118.2013),(34.14776, -118.20053),(34.14797, -118.19975),(34.148087, -118.19892),(34.148094, -118.19807),(34.148, -118.19721),(34.147797, -118.19638),(34.1475, -118.195564),(34.147118, -118.19476),(34.14671, -118.193954),(34.146294, -118.19313),(34.145878, -118.19231),(34.14547, -118.19148),(34.14507, -118.19064),(34.144676, -118.189804),(34.144283, -118.18897),(34.143898, -118.18813),(34.14352, -118.1873),(34.143135, -118.18646),(34.142742, -118.18562),(34.142345, -118.18478),(34.14196, -118.1839),(34.141617, -118.183),(34.14134, -118.182076),(34.141125, -118.18114),(34.140984, -118.180176),(34.14093, -118.179214),(34.140953, -118.17827),(34.141045, -118.17736),(34.141186, -118.176476),(34.14138, -118.17562),(34.141636, -118.17479),(34.141914, -118.173996),(34.142227, -118.17321),(34.142555, -118.17241),(34.142887, -118.17158),(34.14321, -118.17075),(34.14352, -118.169945),(34.14384, -118.16918),(34.1442, -118.16845),(34.144592, -118.16775),(34.14501, -118.16707),(34.14538, -118.16632),(34.145657, -118.16551),(34.145866, -118.16468),(34.146046, -118.16382),(34.146217, -118.16296),(34.146397, -118.162094),(34.14661, -118.16124),(34.14687, -118.1604),(34.147198, -118.15965),(34.147583, -118.15893),(34.14799, -118.15823),(34.1484, -118.157555),(34.148804, -118.156845),(34.149193, -118.15613),(34.14957, -118.155426),(34.14993, -118.15475),(34.15024, -118.15409),(34.150505, -118.15346),(34.15066, -118.152885),(34.15072, -118.152176),(34.150734, -118.15142),(34.150906, -118.15075),(34.15103, -118.15042),(34.15117, -118.14969),(34.151253, -118.14899),(34.151283, -118.14821),(34.151302, -118.14744),(34.15131, -118.14665),(34.15129, -118.14619),(34.151268, -118.14565),(34.151237, -118.14474),(34.15123, -118.14412),(34.151226, -118.14356),(34.151203, -118.142876),(34.151245, -118.14197),(34.151417, -118.14172),(34.151382, -118.14169),(34.150757, -118.14164),(34.150032, -118.14182),(34.14904, -118.141464),",places
2019-01-13-02:33:30,2019-01-13-02:38:04,driving,"(34.14869, -118.141136),(34.14869, -118.141136),(34.148674, -118.141136),(34.147972, -118.14128),(34.14688, -118.14158),(34.14604, -118.14189),(34.14557, -118.142166),(34.145344, -118.1424),(34.145283, -118.14261),(34.145763, -118.14285),(34.145954, -118.14289),(34.146053, -118.143005),(34.146076, -118.1432),(34.146057, -118.143456),(34.146015, -118.14376),(34.14597, -118.14409),(34.145924, -118.14442),(34.145885, -118.14473),(34.145855, -118.14501),(34.145832, -118.14527),(34.145817, -118.1455),(34.145805, -118.14577),(34.14581, -118.1459),(34.145817, -118.146034),(34.145813, -118.14624),(34.14581, -118.14647),(34.14581, -118.14673),(34.145805, -118.14699),(34.1458, -118.14723),(34.145798, -118.14754),(34.145897, -118.147644),(34.146038, -118.147705),(34.146202, -118.14772),(34.14637, -118.14773),(34.146584, -118.14772),(34.146786, -118.147644),(34.146843, -118.14763),(34.146957, -118.14763),(34.147102, -118.14763),(34.14732, -118.14764),(34.147583, -118.14765),(34.14765, -118.14749),",places
2019-01-13-02:38:05,2019-01-13-02:42:49,walking,"(34.147625, -118.1475),(34.14789, -118.14739),(34.147858, -118.147545),(34.14774, -118.147675),(34.14768, -118.14781),(34.1478, -118.14789),(34.147938, -118.147835),(34.147755, -118.14787),(34.14765, -118.14792),(34.147533, -118.147964),(34.147396, -118.14803),(34.14725, -118.1481),(34.147106, -118.14816),(34.14334, -118.14821),(34.143078, -118.148186),(34.142883, -118.14818),(34.14272, -118.14818),(34.14256, -118.14818),(34.14241, -118.148186),(34.142277, -118.14819),(34.14214, -118.1482),(34.142002, -118.1482),(34.141865, -118.1482),(34.14164, -118.1482),(34.141434, -118.1482),(34.141365, -118.1482),(34.141212, -118.14819),(34.14104, -118.14819),(34.140858, -118.14819),(34.14065, -118.148186),(34.14043, -118.148186),(34.140198, -118.14818),(34.139965, -118.14817),(34.13976, -118.14816),(34.139553, -118.148155),(34.139366, -118.148155),(34.139156, -118.148155),(34.139076, -118.148155),(34.138973, -118.148155),(34.13876, -118.14815),(34.138607, -118.14815),(34.138435, -118.14815),(34.13826, -118.14814),(34.13809, -118.14813),(34.137917, -118.14813),(34.13774, -118.14814),(34.13756, -118.14814),(34.137375, -118.14814),(34.137188, -118.14814),(34.137, -118.14814),(34.136814, -118.14814),(34.136475, -118.14813),(34.1363, -118.14813),(34.13613, -118.14813),(34.13597, -118.14813),(34.135815, -118.14813),(34.135513, -118.14813),",places
2019-01-13-02:42:50,2019-01-13-03:06:44,driving,"(34.135147, -118.148125),(34.135086, -118.148125),(34.134403, -118.148125),(34.13314, -118.14811),(34.13284, -118.14811),(34.132153, -118.148094),(34.131638, -118.148094),(34.13108, -118.14809),(34.130474, -118.14808),(34.12985, -118.14807),(34.129215, -118.14806),(34.128613, -118.148056),(34.127728, -118.14805),(34.127106, -118.14805),(34.12656, -118.14823),(34.126038, -118.14873),(34.12553, -118.1494),(34.12522, -118.14984),(34.12467, -118.15046),(34.124058, -118.15078),(34.1234, -118.15089),(34.122795, -118.15086),(34.122246, -118.150795),(34.121662, -118.15076),(34.1211, -118.15082),(34.120594, -118.15098),(34.120144, -118.151215),(34.119743, -118.15159),(34.11931, -118.1522),(34.118916, -118.15285),(34.11846, -118.153564),(34.11818, -118.15398),(34.117874, -118.154396),(34.117535, -118.154854),(34.117188, -118.15532),(34.116848, -118.15577),(34.116528, -118.15619),(34.116142, -118.1567),(34.11574, -118.157234),(34.115406, -118.15764),(34.114983, -118.158104),(34.114735, -118.15838),(34.114338, -118.158806),(34.11399, -118.15918),(34.1136, -118.159584),(34.113205, -118.16),(34.112873, -118.16047),(34.11263, -118.16098),(34.11247, -118.16153),(34.11243, -118.16211),(34.112434, -118.162704),(34.112442, -118.1633),(34.112434, -118.163895),(34.112415, -118.16448),(34.112377, -118.16507),(34.11234, -118.16565),(34.112293, -118.166245),(34.11225, -118.16686),(34.1122, -118.16754),(34.11215, -118.16826),(34.1121, -118.168945),(34.112053, -118.16958),(34.112003, -118.17016),(34.111954, -118.17071),(34.111885, -118.171265),(34.111767, -118.17185),(34.11158, -118.1725),(34.111355, -118.173195),(34.11111, -118.17391),(34.11088, -118.17464),(34.110703, -118.17535),(34.110554, -118.17606),(34.11042, -118.17679),(34.110287, -118.17754),(34.11016, -118.17832),(34.110004, -118.17935),(34.109932, -118.180115),(34.10993, -118.18086),(34.110016, -118.1816),(34.1102, -118.18232),(34.110424, -118.18303),(34.110657, -118.18372),(34.11091, -118.18446),(34.111156, -118.18522),(34.111458, -118.18619),(34.11166, -118.18686),(34.111824, -118.18741),(34.112083, -118.1883),(34.112206, -118.188995),(34.11222, -118.18945),(34.112198, -118.18996),(34.11205, -118.19087),(34.11176, -118.19159),(34.111454, -118.19211),(34.111168, -118.19263),(34.110973, -118.19301),(34.110703, -118.19356),(34.11048, -118.194016),(34.110245, -118.194496),(34.109974, -118.195045),(34.109737, -118.195526),(34.109467, -118.19608),(34.10923, -118.19656),(34.10899, -118.197044),(34.108715, -118.19761),(34.108486, -118.19807),(34.108242, -118.19857),(34.107956, -118.19915),(34.107708, -118.19965),(34.107426, -118.200226),(34.10721, -118.200676),(34.106953, -118.201195),(34.10671, -118.201675),(34.106445, -118.202194),(34.10614, -118.20272),(34.105793, -118.20316),(34.10549, -118.2035),(34.10512, -118.20386),(34.104664, -118.20419),(34.10416, -118.204506),(34.10362, -118.20474),(34.103058, -118.20489),(34.102505, -118.20496),(34.101967, -118.20497),(34.101444, -118.20493),(34.100925, -118.20488),(34.100414, -118.20485),(34.099915, -118.2049),(34.09935, -118.2051),(34.098866, -118.20554),(34.09862, -118.205986),(34.098354, -118.20649),(34.09791, -118.2072),(34.097645, -118.2076),(34.09718, -118.20823),(34.09662, -118.20877),(34.09614, -118.20908),(34.09573, -118.20931),(34.095284, -118.20957),(34.09486, -118.20991),(34.09446, -118.21031),(34.094086, -118.210724),(34.093704, -118.21109),(34.093292, -118.211365),(34.092823, -118.211525),(34.09231, -118.21157),(34.09179, -118.211525),(34.091087, -118.21143),(34.090534, -118.21135),(34.08981, -118.21134),(34.089294, -118.21144),(34.088837, -118.21162),(34.08842, -118.211845),(34.087803, -118.2124),(34.087395, -118.21295),(34.08704, -118.21339),(34.086807, -118.213615),(34.086258, -118.214195),(34.08578, -118.21469),(34.085423, -118.21506),(34.085068, -118.21542),(34.08471, -118.21579),(34.08436, -118.216156),(34.084034, -118.21649),(34.083717, -118.21682),(34.08339, -118.21718),(34.082912, -118.21772),(34.08252, -118.218185),(34.082146, -118.21868),(34.0818, -118.21916),(34.081215, -118.22),(34.08094, -118.22043),(34.080635, -118.22087),(34.080322, -118.22132),(34.07985, -118.221985),(34.079506, -118.22245),(34.079113, -118.2229),(34.078674, -118.22333),(34.07805, -118.22382),(34.077496, -118.224144),(34.076763, -118.22447),(34.07617, -118.22467),(34.075405, -118.22494),(34.0746, -118.22521),(34.074055, -118.22541),(34.07357, -118.225586),(34.07296, -118.22585),(34.072517, -118.22605),(34.072063, -118.226234),(34.071667, -118.22654),(34.071327, -118.22695),(34.070953, -118.22765),(34.070747, -118.22829),(34.070545, -118.228935),(34.07033, -118.22958),(34.07011, -118.23023),(34.069878, -118.23088),(34.069614, -118.2315),(34.069294, -118.232086),(34.06895, -118.23265),(34.068584, -118.23321),(34.068188, -118.23376),(34.067738, -118.23426),(34.067074, -118.23482),(34.06646, -118.2351),(34.06584, -118.235306),(34.065266, -118.235466),(34.064545, -118.235664),(34.06408, -118.23576),(34.06364, -118.23589),(34.06325, -118.23603),(34.062733, -118.23613),(34.06218, -118.23606),(34.0617, -118.2358),(34.06133, -118.23538),(34.061024, -118.23482),(34.06071, -118.23422),(34.06034, -118.23373),(34.059868, -118.233376),(34.059303, -118.23334),(34.058727, -118.233604),(34.05822, -118.233955),(34.057766, -118.23424),(34.057125, -118.23454),(34.056656, -118.23464),(34.056183, -118.23474),(34.0561, -118.23474),(34.0559, -118.234406),(34.05569, -118.23358),(34.055676, -118.233154),(34.055267, -118.23318),",places
2019-01-13-03:47:42,2019-01-13-04:03:15,driving,"(34.054844, -118.23334),(34.048542, -118.24102),(34.029716, -118.26399),(34.002872, -118.296814),(33.975178, -118.33075),(33.951572, -118.35977),(33.93346, -118.382126),(33.92038, -118.39838),(33.911373, -118.40967),(33.90549, -118.41716),(33.90205, -118.421684),(33.90048, -118.42391),(33.90037, -118.42435),(33.90143, -118.42341),(33.903313, -118.421455),(33.90578, -118.4188),(33.908604, -118.41571),(33.911587, -118.41242),(33.914585, -118.40912),(33.91747, -118.40594),(33.920155, -118.40299),(33.922585, -118.40035),(33.924732, -118.39805),(33.926575, -118.3961),(33.928127, -118.39451),(33.929413, -118.39325),(33.93045, -118.392296),(33.931263, -118.39162),(33.93188, -118.39118),(33.932335, -118.390945),(33.932644, -118.390884),(33.932842, -118.39095),(33.932945, -118.39113),(33.932976, -118.39139),(33.93295, -118.39171),(33.93288, -118.39206),(33.93279, -118.39243),(33.93268, -118.39281),(33.93256, -118.39318),(33.93244, -118.39355),(33.932327, -118.39388),(33.932224, -118.3942),(33.93214, -118.39469),(33.932064, -118.395134),(33.93204, -118.39547),(33.932068, -118.39571),(33.932156, -118.395874),(33.93228, -118.39598),(33.932438, -118.39606),(33.932587, -118.39614),(33.93276, -118.39617),(33.932938, -118.39619),(33.933132, -118.396194),(33.93335, -118.39619),(33.933582, -118.396164),(33.93383, -118.39614),(33.934097, -118.39612),(33.934372, -118.3961),(33.93452, -118.396095),(33.93467, -118.396095),(33.93482, -118.396095),(33.9403, -118.39616),(33.94054, -118.39619),(33.940754, -118.396194),(33.940956, -118.39618),(33.94115, -118.396164),(33.94134, -118.39616),(33.941532, -118.39615),(33.94172, -118.39615),(33.941906, -118.39615),(33.94209, -118.39615),(33.942276, -118.39614),(33.942467, -118.39614),(33.942654, -118.39613),(33.94284, -118.396126),(33.943027, -118.396126),(33.943214, -118.39612),(33.943398, -118.39612),(33.943577, -118.39611),(33.943756, -118.39611),(33.944084, -118.3961),(33.944233, -118.3961),(33.944378, -118.3961),(33.944523, -118.3961),(33.94466, -118.3961),(33.944798, -118.396095),(33.944935, -118.396095),(33.94507, -118.396095),(33.945335, -118.39609),(33.94559, -118.39609),(33.94585, -118.39609),(33.945984, -118.39609),(33.946243, -118.39609),(33.94638, -118.396095),(33.94664, -118.396095),(33.946884, -118.3961),(33.9471, -118.39611),(33.94733, -118.39612),(33.947475, -118.39597),(33.947422, -118.39581),(33.947388, -118.39564),(33.94736, -118.395454),(33.947346, -118.39525),(33.947342, -118.39512),(33.94734, -118.39495),(33.94734, -118.394775),(33.94734, -118.394554),(33.94734, -118.39439),(33.947334, -118.39422),(33.947334, -118.393936),(33.94746, -118.393906),(33.9476, -118.39391),(33.947712, -118.39391),(33.947876, -118.39391),(33.947998, -118.39392),(33.948204, -118.39392),(33.94841, -118.39392),(33.948643, -118.39392),(33.948833, -118.39392),(33.948864, -118.39393),(33.949005, -118.39396),(33.949165, -118.39402),(33.949345, -118.39413),(33.949512, -118.3943),(33.94964, -118.394516),(33.949703, -118.39478),(33.94971, -118.39509),(33.949677, -118.39528),(33.949642, -118.395454),(33.949596, -118.39576),(33.949528, -118.39608),(33.949444, -118.3964),(33.949356, -118.396706),(33.949272, -118.396996),(33.9492, -118.39726),(33.949154, -118.39751),(33.949112, -118.39774),(33.949078, -118.39797),(33.949017, -118.39821),(33.948982, -118.398445),(33.94894, -118.3987),(33.9489, -118.398926),(33.948864, -118.39905),(33.94879, -118.39927),(33.94868, -118.39947),(33.94853, -118.39962),(33.948338, -118.39972),(33.94811, -118.39977),(33.94786, -118.39979),(33.947605, -118.399796),(33.947346, -118.39978),(33.94709, -118.399765),(33.946846, -118.39974),(33.946617, -118.399734),(33.946392, -118.39972),(33.946205, -118.39973),(33.946014, -118.399734),(33.945778, -118.399734),(33.945713, -118.39972),(33.94567, -118.39977),(33.94552, -118.39993),(33.94559, -118.39996),(33.945587, -118.400085),(33.945534, -118.40027),(33.94552, -118.40045),(33.94552, -118.40064),(33.945515, -118.400826),(33.945503, -118.400986),(33.945488, -118.40114),(33.945473, -118.40133),(33.945442, -118.40163),(33.94542, -118.40183),(33.945385, -118.40203),(33.945347, -118.402214),(33.945328, -118.40236),(33.94531, -118.40256),(33.945293, -118.40273),(33.94528, -118.4029),(33.94526, -118.403114),(33.945244, -118.40328),(33.945225, -118.40346),(33.94521, -118.4036),(33.94519, -118.40382),(33.94517, -118.404),(33.945156, -118.40416),(33.945137, -118.404366),(33.945126, -118.40449),(33.945107, -118.40469),(33.945087, -118.40488),(33.945076, -118.40503),(33.945057, -118.405205),(33.94504, -118.40534),(33.945023, -118.40551),(33.945004, -118.40569),(33.94498, -118.405914),(33.94496, -118.406105),(33.944946, -118.40624),(33.94492, -118.40643),(33.9449, -118.40659),(33.94488, -118.40675),(33.94486, -118.40694),(33.94484, -118.40711),(33.94482, -118.40728),(33.944798, -118.40746),(33.944782, -118.4076),(33.944763, -118.407776),(33.944736, -118.40796),(33.944653, -118.40814),(33.944515, -118.40824),(33.944405, -118.40826),(33.944214, -118.40825),(33.944042, -118.408226),(33.943882, -118.4082),(33.94368, -118.40817),(33.943565, -118.40815),(33.94341, -118.40813),(33.94331, -118.40811),(33.94312, -118.40808),(33.942997, -118.40807),(33.94284, -118.40805),(33.942646, -118.40799),(33.94252, -118.40789),(33.94243, -118.407745),(33.942383, -118.40758),(33.94237, -118.407394),(33.94239, -118.40718),(33.942425, -118.40688),(33.94252, -118.40659),(33.942554, -118.40646),(33.94257, -118.406296),(33.942593, -118.40604),(33.942608, -118.40586),(33.942623, -118.40568),(33.942642, -118.40549),(33.942657, -118.4053),(33.942707, -118.4048),(33.942726, -118.404625),(33.942745, -118.404396),(33.94277, -118.404205),(33.9434, -118.40542),",places
2019-01-13-04:25:36,2019-01-13-04:25:36,walking,"(33.9434, -118.40542),(33.9434, -118.40542),",places
2019-01-13-10:07:55,2019-01-13-10:16:32,airplane,"(33.940975, -118.40433),(39.02809, -77.83622),(39.308285, -75.60154),(39.542862, -73.73045),(39.7419, -72.14258),(39.892414, -70.9416),(39.824997, -71.47708),(39.065163, -77.53597),(38.894337, -78.898544),(38.90658, -78.801414),(38.94336, -78.509346),(39.056763, -77.60586),(39.12041, -77.09922),(39.16661, -76.73202),(39.19067, -76.54151),(39.19137, -76.53706),(39.185673, -76.58325),(39.18006, -76.62904),(39.17612, -76.66115),(39.175323, -76.66829),(39.175632, -76.666954),(39.17615, -76.66331),(39.17631, -76.66324),(39.176414, -76.66348),(39.176537, -76.663246),(39.176643, -76.66305),(39.176796, -76.66295),(39.17688, -76.662895),(39.17705, -76.66277),(39.177223, -76.66264),(39.177414, -76.66252),(39.177624, -76.6624),(39.177746, -76.6623),(39.177856, -76.66219),(39.17798, -76.66209),(39.1781, -76.661964),(39.178253, -76.66181),(39.17843, -76.66162),(39.178505, -76.66154),(39.181244, -76.66669),(39.181152, -76.666824),(39.18102, -76.66693),(39.18093, -76.66703),(39.18104, -76.667175),(39.181164, -76.667076),(39.181126, -76.66711),(39.181046, -76.66699),(39.180782, -76.667114),(39.180973, -76.66678),",places
2019-01-13-13:51:02,2019-01-13-13:51:09,driving,"(39.18099, -76.66676),(39.18099, -76.66676),(39.180187, -76.66584),",places
2019-01-13-16:06:14,2019-01-13-16:06:20,driving,"(39.180294, -76.66672),(39.180298, -76.66672),(39.18069, -76.66738),",places
2019-01-13-16:26:41,2019-01-13-16:33:44,driving,"(39.181805, -76.669174),(39.181812, -76.66918),(39.18205, -76.6694),(39.18289, -76.67019),(39.184196, -76.671394),(39.185394, -76.67251),(39.18625, -76.67329),(39.186535, -76.67352),(39.18677, -76.67367),(39.187187, -76.673965),(39.187405, -76.6741),(39.187508, -76.67416),(39.18755, -76.674164),(39.187588, -76.67419),(39.187603, -76.674324),(39.1876, -76.67441),(39.187683, -76.67457),(39.187714, -76.6747),(39.187767, -76.67483),(39.187893, -76.675026),(39.18805, -76.67523),(39.18821, -76.67541),(39.18831, -76.67554),(39.18841, -76.67566),(39.188572, -76.67587),(39.188995, -76.6761),(39.18925, -76.67614),(39.189495, -76.67616),(39.189735, -76.676186),(39.189964, -76.67619),(39.190197, -76.676254),(39.190422, -76.67629),(39.19064, -76.6763),(39.19096, -76.676285),(39.190975, -76.67626),(39.191093, -76.67611),(39.191303, -76.67586),(39.191456, -76.67555),(39.19154, -76.675224),(39.19157, -76.67488),(39.19159, -76.67454),(39.191593, -76.674194),(39.191574, -76.67389),(39.191593, -76.67361),(39.191555, -76.67337),(39.191566, -76.67308),(39.191566, -76.67293),(39.19156, -76.672905),(39.191856, -76.67218),(39.191887, -76.671844),(39.191856, -76.6716),(39.191742, -76.67143),(39.191643, -76.67127),(39.191563, -76.671104),(39.1915, -76.67093),(39.191452, -76.67075),(39.19141, -76.67056),(39.191383, -76.67037),(39.191357, -76.67018),(39.191338, -76.66998),(39.191322, -76.669785),(39.19131, -76.66958),(39.1913, -76.66937),(39.191288, -76.66917),(39.19127, -76.66896),(39.191254, -76.66875),(39.191235, -76.66855),(39.191208, -76.668335),(39.19118, -76.66813),(39.191147, -76.66793),(39.191113, -76.66773),(39.19108, -76.667534),(39.191044, -76.667336),(39.191006, -76.66713),(39.190968, -76.66692),(39.190926, -76.66672),(39.190884, -76.666504),(39.190845, -76.666306),(39.190807, -76.66611),(39.19077, -76.66591),(39.19074, -76.6657),(39.190712, -76.6655),(39.190674, -76.66512),(39.190655, -76.66477),(39.190674, -76.664444),(39.1907, -76.66417),(39.19073, -76.66391),(39.190765, -76.66367),(39.190792, -76.66346),(39.190807, -76.66326),(39.190815, -76.66308),(39.19083, -76.662895),(39.19086, -76.662704),(39.190918, -76.66252),(39.191013, -76.662346),(39.19114, -76.662186),(39.191284, -76.66205),(39.191547, -76.661964),(39.19179, -76.661865),(39.192005, -76.66176),(39.192204, -76.66163),(39.19238, -76.6615),(39.19255, -76.66135),(39.192715, -76.6612),(39.192867, -76.66105),(39.193012, -76.660904),(39.19316, -76.66077),(39.193306, -76.66062),(39.193455, -76.66048),(39.193607, -76.66033),(39.19376, -76.66019),(39.193928, -76.660034),(39.19409, -76.65988),(39.19412, -76.65935),(39.194054, -76.659035),(39.194008, -76.65877),(39.19399, -76.65853),(39.193985, -76.6583),(39.19401, -76.65809),(39.194057, -76.65789),(39.19412, -76.65772),(39.19419, -76.65755),(39.194263, -76.65739),(39.194366, -76.65719),(39.19447, -76.657),(39.19456, -76.65683),(39.19466, -76.656654),(39.194748, -76.65648),(39.194824, -76.65628),(39.1949, -76.656075),(39.19496, -76.655876),(39.195004, -76.655655),(39.195038, -76.655556),(39.19509, -76.65541),(39.19517, -76.65523),(39.195248, -76.655075),(39.19534, -76.654854),(39.19543, -76.65461),(39.195503, -76.654434),(39.195602, -76.65424),(39.195683, -76.6541),(39.195786, -76.65396),(39.195904, -76.653854),(39.19604, -76.653755),(39.196194, -76.653694),(39.196354, -76.65366),(39.196514, -76.65367),(39.19668, -76.65371),(39.196873, -76.6538),(39.197033, -76.65394),(39.19718, -76.65409),(39.197323, -76.65424),(39.197422, -76.65436),(39.197536, -76.65448),(39.197655, -76.65459),(39.197853, -76.65474),(39.19805, -76.654884),(39.19819, -76.65497),(39.198383, -76.655075),(39.198517, -76.65516),(39.19864, -76.65525),(39.198784, -76.65535),(39.198948, -76.65544),(39.199104, -76.65553),(39.199337, -76.655655),(39.199497, -76.65568),(39.19957, -76.65582),(39.1997, -76.655846),(39.199883, -76.65579),(39.20007, -76.65569),(39.200233, -76.655594),(39.200356, -76.65551),(39.20116, -76.65578),(39.201347, -76.6558),(39.20152, -76.65579),(39.2017, -76.65575),(39.20186, -76.65567),(39.202076, -76.65555),(39.20224, -76.65543),(39.20201, -76.65551),",places
2019-01-13-16:59:25,2019-01-13-17:04:49,driving,"(39.202007, -76.65552),(39.20201, -76.65552),(39.201935, -76.65552),(39.201504, -76.65552),(39.200577, -76.655464),(39.19949, -76.65535),(39.1986, -76.65519),(39.197998, -76.65503),(39.19761, -76.65488),(39.19737, -76.654724),(39.19723, -76.65458),(39.19715, -76.65445),(39.197018, -76.65424),(39.197014, -76.65411),(39.196983, -76.65406),(39.196896, -76.65397),(39.196793, -76.65389),(39.196667, -76.65382),(39.19653, -76.65374),(39.196377, -76.6537),(39.196205, -76.653694),(39.19604, -76.65373),(39.195824, -76.65386),(39.195663, -76.65405),(39.195583, -76.65423),(39.195507, -76.6544),(39.19544, -76.65458),(39.195335, -76.65484),(39.19527, -76.655014),(39.195206, -76.65519),(39.195137, -76.655365),(39.195057, -76.655556),(39.194965, -76.65577),(39.194866, -76.656),(39.19476, -76.65626),(39.194637, -76.65654),(39.194572, -76.6567),(39.194504, -76.65686),(39.19438, -76.65715),(39.194252, -76.657455),(39.194122, -76.65776),(39.193993, -76.65807),(39.19389, -76.658356),(39.193813, -76.65862),(39.19377, -76.65888),(39.19375, -76.65912),(39.193737, -76.65934),(39.19373, -76.65957),(39.193703, -76.65978),(39.193645, -76.659996),(39.193546, -76.66019),(39.19337, -76.660416),(39.19322, -76.66054),(39.193054, -76.66067),(39.19288, -76.66081),(39.1927, -76.66096),(39.19252, -76.6611),(39.19234, -76.661255),(39.192184, -76.66139),(39.19203, -76.66152),(39.191883, -76.66165),(39.19174, -76.66179),(39.191578, -76.66193),(39.19142, -76.66208),(39.19127, -76.66222),(39.19113, -76.66235),(39.191013, -76.6625),(39.190914, -76.66264),(39.190796, -76.66294),(39.19078, -76.66321),(39.19079, -76.6634),(39.19079, -76.66361),(39.19079, -76.66383),(39.190784, -76.66406),(39.190777, -76.66431),(39.190765, -76.66456),(39.190754, -76.66483),(39.19074, -76.66514),(39.190727, -76.66546),(39.190723, -76.66564),(39.190727, -76.66584),(39.190735, -76.666046),(39.190758, -76.66641),(39.19079, -76.66662),(39.19084, -76.66701),(39.190884, -76.66722),(39.190926, -76.667435),(39.19097, -76.667656),(39.191013, -76.66787),(39.191055, -76.66808),(39.191097, -76.668304),(39.19114, -76.66852),(39.191177, -76.668724),(39.19122, -76.66893),(39.191254, -76.66914),(39.19128, -76.66937),(39.191303, -76.66959),(39.191322, -76.66982),(39.191334, -76.670044),(39.191345, -76.67028),(39.191357, -76.67051),(39.191364, -76.67074),(39.191372, -76.67096),(39.191376, -76.67118),(39.19138, -76.6714),(39.191383, -76.671616),(39.19139, -76.67183),(39.191395, -76.67203),(39.191406, -76.6724),(39.191414, -76.67275),(39.19142, -76.67303),(39.19143, -76.67326),(39.191437, -76.67354),(39.19144, -76.67374),(39.19145, -76.67391),(39.191452, -76.67404),(39.19146, -76.67419),(39.191467, -76.67437),(39.19148, -76.674675),(39.191483, -76.67485),(39.191475, -76.675125),(39.191425, -76.6754),(39.191334, -76.67565),(39.191193, -76.67588),(39.191006, -76.67604),(39.1908, -76.67614),(39.190575, -76.676186),(39.190334, -76.6762),(39.190086, -76.67621),(39.18994, -76.676186),(39.18971, -76.67618),(39.189476, -76.67613),(39.18924, -76.67607),(39.189106, -76.67602),(39.188885, -76.6759),(39.188683, -76.67575),(39.18851, -76.67559),(39.188347, -76.67542),(39.18819, -76.675255),(39.18803, -76.67509),(39.18786, -76.674904),(39.187653, -76.6747),(39.187534, -76.67458),(39.18734, -76.67439),(39.187225, -76.67428),(39.18711, -76.67417),(39.186897, -76.673965),(39.18668, -76.67376),(39.186462, -76.67356),(39.186337, -76.67344),(39.18611, -76.67323),(39.18589, -76.673035),(39.185776, -76.672935),(39.18566, -76.67283),(39.18545, -76.67264),(39.185337, -76.67255),(39.185127, -76.672356),(39.184883, -76.672134),(39.184757, -76.67203),(39.184593, -76.671875),(39.18178, -76.66914),",places
2019-01-13-17:17:49,2019-01-13-17:23:20,driving,"(39.18178, -76.66914),(39.18179, -76.66915),(39.181953, -76.669334),(39.182507, -76.66993),(39.183342, -76.67082),(39.184116, -76.67167),(39.184643, -76.672325),(39.18494, -76.67278),(39.18507, -76.67312),(39.185074, -76.67337),(39.184986, -76.67357),(39.184868, -76.673744),(39.18476, -76.67391),(39.18469, -76.6741),(39.184654, -76.67432),(39.18467, -76.67455),(39.184734, -76.67481),(39.184834, -76.67508),(39.18497, -76.675354),(39.185112, -76.67564),(39.185265, -76.67593),(39.185417, -76.676216),(39.18555, -76.676506),(39.185677, -76.67679),(39.185787, -76.677055),(39.185883, -76.67732),(39.185978, -76.677605),(39.186066, -76.677895),(39.186157, -76.67818),(39.186203, -76.67834),(39.186245, -76.678505),(39.186337, -76.67879),(39.18639, -76.67895),(39.186474, -76.67924),(39.186554, -76.67953),(39.186634, -76.6798),(39.1867, -76.68007),(39.186737, -76.68021),(39.18683, -76.68045),(39.186928, -76.68069),(39.187042, -76.68091),(39.18719, -76.6811),(39.18735, -76.68127),(39.187523, -76.6814),(39.18771, -76.681496),(39.18791, -76.68155),(39.188114, -76.68159),(39.188316, -76.68162),(39.18852, -76.68165),(39.188778, -76.6817),(39.18898, -76.68176),(39.189068, -76.68191),(39.189175, -76.68198),(39.189316, -76.682076),(39.18936, -76.68222),(39.189312, -76.68243),(39.189228, -76.682594),(39.18913, -76.682785),(39.18901, -76.68298),(39.18889, -76.68319),(39.188763, -76.68341),(39.18863, -76.68363),(39.18849, -76.68387),(39.188347, -76.68412),(39.188206, -76.684364),(39.188053, -76.68462),(39.18792, -76.68485),(39.187828, -76.685005),(39.187664, -76.68529),(39.1875, -76.68557),(39.18734, -76.68585),(39.18719, -76.68612),(39.187046, -76.68639),(39.18691, -76.68666),(39.186768, -76.68693),(39.186626, -76.687195),(39.18649, -76.68745),(39.18635, -76.68768),(39.186237, -76.6879),(39.186123, -76.688095),(39.186005, -76.688286),(39.185875, -76.688484),(39.185734, -76.6887),(39.18559, -76.68891),(39.18544, -76.689125),(39.185303, -76.68931),(39.18517, -76.68949),(39.185055, -76.68966),(39.184975, -76.68982),(39.184944, -76.690056),(39.185, -76.690216),(39.185143, -76.69045),(39.18529, -76.69059),(39.18545, -76.69073),(39.185623, -76.690834),(39.1858, -76.690926),(39.185986, -76.691),(39.18618, -76.69104),(39.186375, -76.69104),(39.186573, -76.69102),(39.186764, -76.69099),(39.18696, -76.69095),(39.18714, -76.69092),(39.187325, -76.69088),(39.187504, -76.69085),(39.187687, -76.69082),(39.18786, -76.690796),(39.188038, -76.69077),(39.188213, -76.69076),(39.18839, -76.69074),(39.18857, -76.690735),(39.188763, -76.690735),(39.18896, -76.69075),(39.18916, -76.69076),(39.18936, -76.69079),(39.189552, -76.69082),(39.189743, -76.69086),(39.189934, -76.6909),(39.190136, -76.690956),(39.190376, -76.69103),(39.190548, -76.69111),(39.19074, -76.6912),(39.190937, -76.6913),(39.191143, -76.69139),(39.191345, -76.69148),(39.191536, -76.69157),(39.191723, -76.691635),(39.1919, -76.6917),(39.192078, -76.69177),(39.19224, -76.69184),(39.1924, -76.6919),(39.19256, -76.69197),(39.192753, -76.692055),(39.192898, -76.69213),(39.19284, -76.694534),",places
2019-01-13-18:13:07,2019-01-13-18:39:40,driving,"(39.192837, -76.694534),(39.192547, -76.69447),(39.18958, -76.693924),(39.18457, -76.69312),(39.18122, -76.69274),(39.179752, -76.69274),(39.179276, -76.69293),(39.179176, -76.69318),(39.1791, -76.69342),(39.178883, -76.693634),(39.178513, -76.69382),(39.17803, -76.693985),(39.17746, -76.69414),(39.176838, -76.69429),(39.17619, -76.694435),(39.175537, -76.69458),(39.174885, -76.694725),(39.17424, -76.69487),(39.173584, -76.695015),(39.172916, -76.69516),(39.172245, -76.69532),(39.171555, -76.69548),(39.170853, -76.695656),(39.17014, -76.69583),(39.169403, -76.69601),(39.168655, -76.696175),(39.167892, -76.69636),(39.167126, -76.69653),(39.166363, -76.69669),(39.1656, -76.6969),(39.164837, -76.69704),(39.164074, -76.69716),(39.163303, -76.69725),(39.16251, -76.69731),(39.16171, -76.69735),(39.16091, -76.697365),(39.160114, -76.697365),(39.159336, -76.697365),(39.158558, -76.69737),(39.15777, -76.69739),(39.15696, -76.69739),(39.15613, -76.69739),(39.155296, -76.69739),(39.15445, -76.697395),(39.153603, -76.6974),(39.15275, -76.6974),(39.151886, -76.6974),(39.15101, -76.69742),(39.15012, -76.697426),(39.14923, -76.69743),(39.148342, -76.69744),(39.14746, -76.69745),(39.14658, -76.69745),(39.145683, -76.69745),(39.144794, -76.697464),(39.143913, -76.69749),(39.143024, -76.6975),(39.14213, -76.69752),(39.141247, -76.69755),(39.140354, -76.697556),(39.13946, -76.69757),(39.13857, -76.697586),(39.137665, -76.697586),(39.136753, -76.697556),(39.13585, -76.69754),(39.134926, -76.697495),(39.133987, -76.697426),(39.133053, -76.6973),(39.132122, -76.69713),(39.131172, -76.6969),(39.13022, -76.696655),(39.129242, -76.69641),(39.128246, -76.69618),(39.12723, -76.69596),(39.12621, -76.695786),(39.125175, -76.695694),(39.12413, -76.6957),(39.12307, -76.6958),(39.122013, -76.69599),(39.120953, -76.69626),(39.119877, -76.696556),(39.118797, -76.69687),(39.117718, -76.69718),(39.116634, -76.697495),(39.115547, -76.69779),(39.11446, -76.6981),(39.11337, -76.69838),(39.112293, -76.698654),(39.111225, -76.69893),(39.110138, -76.6992),(39.109062, -76.69951),(39.107956, -76.69979),(39.106842, -76.70007),(39.105732, -76.70036),(39.104626, -76.70064),(39.103523, -76.70091),(39.102425, -76.70118),(39.101334, -76.701454),(39.100254, -76.70173),(39.099197, -76.702),(39.098175, -76.70228),(39.097183, -76.70254),(39.09622, -76.70278),(39.095314, -76.703026),(39.09444, -76.70331),(39.093643, -76.70354),(39.092888, -76.70368),(39.0922, -76.703835),(39.091595, -76.703995),(39.091072, -76.70418),(39.090603, -76.70438),(39.090176, -76.70458),(39.089775, -76.70479),(39.089153, -76.705124),(39.088516, -76.70549),(39.08804, -76.70576),(39.087646, -76.70592),(39.087296, -76.70615),(39.086834, -76.706436),(39.086388, -76.7067),(39.08596, -76.70695),(39.08546, -76.70724),(39.084892, -76.70756),(39.084282, -76.70792),(39.08363, -76.70833),(39.082924, -76.70877),(39.08233, -76.709206),(39.081863, -76.709625),(39.08151, -76.70994),(39.081154, -76.71026),(39.080784, -76.71062),(39.080406, -76.71098),(39.080017, -76.71137),(39.07962, -76.71179),(39.06887, -76.72484),(39.068035, -76.72663),(39.06743, -76.72759),(39.06671, -76.728355),(39.06593, -76.72897),(39.065113, -76.72954),(39.064262, -76.73008),(39.063393, -76.73063),(39.062515, -76.73119),(39.061607, -76.7318),(39.060726, -76.732414),(39.059853, -76.73304),(39.04967, -76.73787),(39.04882, -76.738205),(39.047924, -76.73855),(39.047066, -76.73894),(39.046253, -76.739426),(39.045444, -76.739975),(39.04462, -76.74065),(39.043777, -76.74141),(39.042953, -76.74226),(39.04214, -76.74318),(39.04134, -76.74413),(39.04057, -76.74513),(39.03978, -76.74613),(39.038963, -76.74713),(39.0381, -76.7481),(39.037224, -76.749016),(39.03632, -76.749916),(39.03539, -76.75079),(39.034443, -76.751686),(39.033493, -76.7526),(39.032536, -76.75349),(39.031544, -76.75429),(39.030506, -76.75499),(39.029453, -76.75567),(39.02844, -76.75638),(39.027447, -76.75709),(39.026493, -76.7578),(39.02558, -76.75847),(39.024715, -76.75911),(39.023876, -76.75969),(39.023087, -76.76025),(39.022053, -76.76099),(39.021477, -76.761444),(39.01822, -76.764404),(39.017345, -76.76544),(39.012165, -76.7738),(39.010265, -76.77484),(39.009773, -76.77523),(39.009426, -76.77577),(39.00793, -76.77856),(38.992146, -76.80538),(38.981445, -76.82531),(38.96854, -76.850975),(38.96181, -76.86314),(38.960155, -76.86289),(38.959454, -76.86357),(38.958603, -76.864136),(38.95767, -76.864716),(38.956734, -76.86532),(38.955566, -76.86602),(38.954136, -76.86685),(38.952877, -76.86767),(38.951942, -76.868324),(38.951344, -76.86878),(38.95098, -76.869095),(38.95053, -76.86952),(38.950283, -76.86984),(38.949883, -76.87032),(38.949444, -76.87083),(38.949013, -76.871315),(38.948605, -76.87177),(38.948326, -76.87208),(38.948666, -76.872025),(38.948425, -76.87196),(38.947987, -76.87246),(38.947628, -76.872856),(38.947247, -76.873276),(38.94682, -76.87375),(38.94636, -76.87425),(38.945854, -76.87482),(38.945522, -76.87518),(38.94519, -76.87555),(38.944847, -76.87593),(38.94449, -76.876335),(38.94392, -76.87698),(38.943558, -76.87741),(38.942883, -76.878235),(38.94242, -76.878815),(38.941936, -76.879456),(38.941315, -76.88032),(38.94081, -76.88106),(38.94032, -76.88179),(38.939842, -76.88249),(38.939354, -76.883224),(38.93887, -76.88395),(38.938393, -76.88465),(38.93789, -76.8854),(38.937386, -76.88615),(38.93688, -76.88689),(38.93637, -76.88764),(38.93586, -76.88839),(38.935356, -76.88914),(38.934826, -76.889915),(38.934284, -76.8907),(38.933723, -76.8915),(38.933174, -76.89232),(38.93262, -76.89314),(38.932053, -76.89397),(38.931446, -76.89476),(38.930782, -76.89552),(38.92991, -76.89644),(38.929115, -76.89719),(38.92832, -76.89793),(38.92754, -76.89865),(38.926758, -76.89938),(38.92598, -76.90012),(38.925205, -76.90087),(38.924202, -76.90188),(38.923443, -76.902695),(38.92273, -76.90357),(38.922062, -76.904495),(38.92142, -76.90545),(38.92081, -76.90644),(38.920223, -76.90749),(38.919674, -76.90858),(38.91915, -76.90972),(38.918667, -76.910904),(38.91821, -76.91214),(38.91778, -76.91342),(38.91738, -76.914734),(38.917034, -76.91606),(38.916744, -76.91743),(38.917637, -76.958176),",places
2019-01-13-18:50:14,2019-01-13-18:56:18,driving,"(38.91764, -76.95818),(38.917637, -76.958176),(38.917645, -76.95826),(38.91766, -76.95864),(38.917706, -76.95956),(38.91778, -76.96119),(38.917892, -76.963524),(38.91802, -76.96633),(38.918144, -76.96924),(38.91826, -76.97193),(38.918346, -76.97423),(38.91841, -76.976074),(38.918453, -76.9775),(38.918472, -76.97855),(38.918476, -76.97931),(38.918465, -76.97983),(38.918446, -76.98015),(38.91842, -76.980316),(38.91838, -76.980385),(38.918343, -76.98038),(38.9183, -76.980316),(38.918205, -76.980804),(38.91813, -76.98037),(38.91806, -76.98012),(38.917995, -76.97999),(38.91794, -76.979935),(38.91788, -76.97995),(38.917824, -76.98001),(38.91777, -76.98012),(38.91772, -76.980255),(38.917664, -76.980415),(38.917603, -76.980606),(38.917538, -76.98082),(38.917473, -76.98103),(38.917404, -76.98126),(38.917336, -76.9815),(38.917263, -76.98173),(38.917194, -76.981964),(38.917126, -76.98219),(38.917053, -76.98242),(38.91698, -76.98266),(38.916912, -76.98288),(38.916836, -76.98311),(38.916763, -76.98333),(38.916687, -76.98354),(38.916615, -76.983765),(38.91654, -76.98398),(38.916466, -76.98419),(38.91639, -76.984406),(38.916317, -76.98462),(38.91624, -76.984825),(38.916164, -76.98504),(38.916092, -76.985245),(38.916023, -76.98544),(38.91595, -76.98564),(38.91588, -76.98585),(38.915806, -76.98605),(38.915733, -76.98626),(38.915657, -76.986465),(38.915585, -76.98667),(38.915512, -76.98687),(38.915443, -76.987076),(38.915302, -76.98747),(38.91523, -76.987686),(38.915157, -76.98789),(38.915085, -76.9881),(38.915012, -76.988304),(38.914944, -76.98851),(38.91487, -76.988716),(38.914803, -76.98892),(38.91473, -76.98913),(38.914658, -76.989334),(38.91459, -76.98954),(38.914516, -76.989746),(38.914444, -76.98995),(38.91437, -76.990166),(38.9143, -76.99037),(38.914158, -76.99079),(38.91408, -76.99101),(38.914005, -76.99123),(38.913933, -76.99145),(38.91386, -76.99166),(38.913788, -76.99188),(38.91372, -76.99209),(38.913647, -76.992294),(38.913578, -76.99249),(38.913513, -76.9927),(38.91344, -76.992905),(38.91337, -76.99311),(38.913296, -76.99331),(38.913223, -76.993515),(38.91315, -76.99373),(38.913074, -76.993935),(38.913002, -76.99414),(38.912926, -76.994354),(38.91285, -76.99457),(38.912773, -76.99478),(38.9127, -76.99499),(38.912624, -76.9952),(38.91255, -76.995415),(38.912476, -76.99562),(38.912403, -76.995834),(38.912327, -76.99605),(38.912254, -76.99625),(38.91218, -76.99645),(38.912113, -76.99666),(38.91204, -76.99686),(38.911972, -76.997055),(38.911903, -76.997246),(38.91184, -76.99744),(38.911777, -76.99761),(38.911716, -76.99779),(38.911602, -76.998116),(38.911545, -76.998276),(38.91144, -76.998566),(38.911346, -76.998825),(38.911255, -76.999054),(38.911175, -76.999245),(38.911057, -76.999535),(38.911, -76.99965),(38.91093, -76.99979),(38.91085, -76.99995),(38.910774, -77.00009),(38.910675, -77.000275),(38.91058, -77.00043),(38.91047, -77.00058),(38.9101, -77.00103),(38.91, -77.00116),(38.90982, -77.00133),(38.909573, -77.00151),(38.90939, -77.00162),(38.90921, -77.001724),(38.90903, -77.00184),(38.908657, -77.00207),(38.908455, -77.00217),(38.90825, -77.002266),(38.90785, -77.00243),(38.907635, -77.0025),(38.907433, -77.00257),(38.90724, -77.00264),(38.907055, -77.0027),(38.906864, -77.00277),(38.90669, -77.00283),(38.90651, -77.0029),(38.90632, -77.00297),(38.90615, -77.00303),(38.90599, -77.00309),(38.905834, -77.00314),(38.905514, -77.00326),(38.905155, -77.00339),(38.905018, -77.00344),(38.90489, -77.00349),(38.904724, -77.003555),(38.904613, -77.00359),(38.904453, -77.003654),(38.904312, -77.00371),(38.904167, -77.00377),(38.90398, -77.00384),(38.903664, -77.00398),(38.903522, -77.00406),(38.903343, -77.00416),(38.903206, -77.00418),(38.903076, -77.004196),(38.90289, -77.00426),(38.902714, -77.00435),(38.902588, -77.00442),(38.902466, -77.00449),(38.902294, -77.004585),(38.902126, -77.00467),(38.901962, -77.00477),(38.901833, -77.00484),(38.901653, -77.00495),(38.901478, -77.00508),(38.901302, -77.00522),(38.90118, -77.00531),(38.901012, -77.00544),(38.900856, -77.00557),(38.90071, -77.00568),(38.900585, -77.005745),(38.900436, -77.00577),(38.900074, -77.00581),(38.89994, -77.00582),(38.899265, -77.006),(38.899105, -77.00624),(38.89904, -77.006256),(38.898933, -77.00626),(38.898155, -77.00619),(38.898216, -77.00617),(38.898705, -77.006294),(38.89908, -77.00624),(38.898407, -77.00657),",places
2019-01-13-19:19:09,2019-01-13-19:19:19,airplane,"(38.89805, -77.00675),(38.897633, -77.01731),(38.89817, -77.02025),",places
2019-01-13-19:27:10,2019-01-13-19:31:13,walking,"(38.899315, -77.021965),(38.899315, -77.021965),(38.900913, -77.02192),(38.901398, -77.02195),(38.901356, -77.022026),(38.901485, -77.02209),(38.90163, -77.02208),(38.901752, -77.02211),(38.901863, -77.02198),(38.903748, -77.0229),",places
2019-01-13-21:36:11,2019-01-13-21:39:55,driving,"(38.903748, -77.0229),(38.903748, -77.0229),(38.89179, -77.022545),(38.89069, -77.022545),(38.90589, -77.02359),(38.91306, -77.02401),(38.9129, -77.023994),",places
2019-01-13-22:28:42,2019-01-13-22:28:52,walking,"(38.9129, -77.023994),(38.9129, -77.023994),",places
